4.440892098500626e-16
0.00048250059521159905
0.0007191912907316134
0.0007480880099901555
0.0007682017845240807
0.008313752825753307
0.01690944073680134
0.017334393336744247
0.01747848429187915
0.017626583964366782
0.017816341833241545
0.031127725685819896
0.031658869368237585
0.03186332061702157
0.03196375085060488
0.0338260386760183
0.0358837612807118
0.03597381621348672
0.03621498855807803
0.03730734724589779
0.03921133331751081
0.04056912479688135
0.04062975829485005
0.04076928901896815
0.04087441245086931
0.041042872075851666
0.0413943456651612
0.04169789377406552
0.04202291066771613
0.042414044641965076
0.0426419165890074
0.04276939444624828
0.04293598539481858
0.04294953396372203
0.042986487060594825
0.04330671007514342
0.0434484691990884
0.04357846849946845
0.04358877919268367
0.04365970863994384
0.04366065622100701
0.04375889755823015
0.04390212616093592
0.0439802625207012
0.0440836059339218
0.04431286418454472
0.04444099072765173
0.04452789826326198
0.044540993144823515
0.04501063630570268
0.04510548320203722
0.05261438577913746
0.053737697492870384
0.054071456538400176
0.054684985785779516
0.055150507092314616
0.05519766514827218
0.055250972196998704
0.05539157766985381
0.0561792369687224
0.056218711233226304
0.05637313760307894
0.056526566226226205
0.056785353406959116
0.05718909424160368
0.058176105562382396
0.05825677687659958
0.05826477704129951
0.05834096403559608
0.059455988775102275
0.059755608361166335
0.06018721654897219
0.060636484485495634
0.06068417312481755
0.06141222062658214
0.06203342275189705
0.06529844433862153
0.06722233814890832
0.0686008889302504
0.07582653096032499
0.08102542667039425
0.08539908207433788
0.08673376760383766
0.08737494502309295
0.09797388590311273
0.10037933221636741
0.1003961268510708
0.10658047463750497
0.10714963234004382
0.10827724792561733
0.10903875260294305
0.11113552394691883
0.11247127585152183
0.11287520310721544
0.11563194003797983
0.11763116478127311
0.11811520527253117
0.1206195346042962
0.12100183364202621
0.1220140992639771
0.12263441751822324
0.12342544671545663
0.12351835357689667
0.12391603775910132
0.12417295244275972
0.12417856874184063
0.12495585731721481
0.12570274629438205
0.1257644348248711
0.12692333141385537
0.12720559767335737
0.12731709856622353
0.12758521019261737
0.1276174094238789
0.12780759944062337
0.1278881747226811
0.1282558385279433
0.12837747582315762
0.12839092385596818
0.12857138820900404
0.12867913438997747
0.1286968009189624
0.12907350360102843
0.12909603289954652
0.1291067223952349
0.12922731008396826
0.12923574205436394
0.12927065636426394
0.129471957949445
0.12985603845603622
0.1298729383843531
0.1300976445725619
0.13040784446671982
0.13064082588662285
0.1308268432377092
0.13088089349047183
0.13138438741909553
0.13139410542773688
0.13142926335716543
0.13148598588222327
0.13161279531262138
0.13192919625935695
0.13205148097937347
0.13213663175099433
0.1322781582721425
0.1323417437182417
0.13250108674008676
0.1325527111027598
0.1328706920220748
0.13290807243308167
0.1329765372504459
0.1332105822388907
0.13325886208883664
0.13337141347696058
0.1333913818611725
0.1335619039014082
0.13367919385741678
0.13376025790241708
0.13376537222598917
0.13378922096211598
0.13379952135849105
0.13391537957331678
0.13418438037820513
0.1343144132575138
0.1344144437378254
0.13442952984630208
0.13458022570687267
0.13458069709713893
0.13480148967459926
0.13486286068068454
0.13505045819318218
0.13554939082026896
0.1358526916610312
0.1358839618372074
0.1359318328500213
0.13595372888253632
0.13598595810402758
0.1361250196488497
0.1362936514542763
0.13635164501017383
0.13665626352188587
0.13702922552451802
0.13731815670338687
0.13733256742237854
0.13749269863671176
0.13752176995757703
0.137555582764871
0.13800945247087626
0.1380100021481785
0.13810610271612622
0.13816800897261483
0.1384891216563764
0.1386391670336219
0.1386950846566315
0.13882202772897456
0.13884068159408325
0.13904870888358256
0.1394319229025308
0.1394535376032473
0.1398607950735623
0.1401666648569999
0.14097444174744855
0.14131255237138185
0.14131255628528394
0.14132552012389166
0.1415950914936297
0.1419072788357052
0.14193473588401584
0.14201105071799036
0.14209755478468278
0.142146698737885
0.1421860606378882
0.1421864855737247
0.14236792498386863
0.142428932827799
0.1425217646071858
0.14257672880084948
0.14264102790936417
0.14306064317808342
0.14327714094284738
0.14336955569058774
0.1434042882778508
0.14343179874831136
0.14344782963945102
0.1434892742166064
0.1436717657859966
0.14381285906679342
0.14390260495826313
0.14392805830747124
0.14401326471690923
0.1441134396765178
0.1441875727987446
0.14421715018099013
0.14422088521026466
0.14430638957573627
0.1443215022251425
0.14441434488706117
0.1445878723310523
0.14464198244049786
0.14470210036234699
0.14476625127614584
0.14476921545112642
0.14485106304794937
0.14494714794348895
0.1449948008228823
0.14504461287860015
0.1450531200882812
0.14507331894187514
0.14514212804161186
0.14530713367520587
0.14536393551320614
0.1455930330757056
0.1456663500300166
0.14570058365809668
0.14579832702364803
0.14580485062300186
0.145814393790468
0.14585130411089553
0.14614379044958348
0.14614892474160113
0.14616517297067533
0.1462632639781155
0.14626577139527752
0.14635064986578672
0.14639962505880055
0.14645004279988783
0.14650108752238666
0.14672209732619823
0.14674255191824914
0.14681473108581033
0.14696637721172068
0.14699753543421545
0.1470003772517121
0.14707235174028832
0.14708007036388604
0.14708871676122492
0.14712665759306554
0.14713141689980358
0.14720925335974022
0.14722899052256477
0.14737637702594786
0.1475502087762407
0.14756784898081632
0.14769161915256457
0.14780715184978344
0.14786569658863902
0.14787419900807097
0.1478831562065186
0.14792989442184878
0.14796499278408226
0.14800997935051585
0.14811426913394066
0.14818004997239864
0.14820037591828839
0.14827892137402032
0.1483819701135347
0.14839866403023683
0.14841050345355244
0.14844126378565414
0.14847320961178423
0.14848430478650654
0.1485380102130649
0.14853946454316924
0.14862526628624861
0.14865233529188937
0.1486718748480813
0.14874024530958763
0.1488560805554754
0.14889784898113967
0.14891268724340945
0.1489896510896459
0.1491343021986582
0.14913981850089186
0.1492120422008476
0.14921865673309287
0.14925394633775124
0.1492573774301491
0.14931661744741986
0.14934098358582615
0.1494682414946784
0.14968223635820954
0.14969981118932196
0.14972940506605148
0.14975036504289396
0.1497536710306977
0.14980220151367518
0.1498420316926926
0.14990915255986415
0.1499223286342406
0.15002223425808736
0.15006439991967946
0.15012317380245888
0.1501671857177307
0.15020736570023763
0.1502606823232726
0.15036713507681854
0.15046511723430078
0.15049903545211463
0.15061451027746453
0.15063698125924163
0.15069423006289173
0.15074839632946335
0.15079372027776294
0.1508357177866173
0.15087376480812598
0.15088591275687924
0.15091637545098213
0.15094668493344265
0.15095936310189928
0.15096430207872924
0.15101090530702277
0.1511030583125661
0.1511741586432026
0.1511990931003333
0.151214678168746
0.1512444339371244
0.15124592843411377
0.15128396341959904
0.15131687834279317
0.15132800605461982
0.15136344280719494
0.15137510358676431
0.15139347573370232
0.1514009417292952
0.1514865561078813
0.15165897687848873
0.15176455460408667
0.1517903354819381
0.15179427737008255
0.1518802595203541
0.15191032427463935
0.15192830670017532
0.15192905005828294
0.15192990703071152
0.15195009068422816
0.15206863742296184
0.1520729068087412
0.15217724723676762
0.1523418938006731
0.15236001437191704
0.15237755648148488
0.15242154445862988
0.15246231270453936
0.1525846278562779
0.15259410909015814
0.152765992142325
0.15282282184133578
0.1529177706864221
0.15294536648177814
0.15296571548995552
0.1529700629346653
0.15299176344062182
0.153010487556696
0.15301848440439791
0.15309021028143077
0.15317181134899638
0.15322145257291175
0.15322518339742897
0.15324644153160016
0.1532474628881425
0.15325099169608292
0.15325332671720293
0.1532852516890596
0.15344408792467024
0.15346365841482124
0.15346524342582624
0.15353987948229575
0.1535584498108179
0.15359512144680554
0.15373700261686685
0.15374573983381612
0.15382430981375306
0.15383091557281448
0.15384708611151643
0.15387670899234285
0.15402067214459814
0.15402431891947743
0.1541369777289885
0.1543736344710792
0.15451453578194985
0.15452224254824465
0.1547360730863303
0.1547443993903963
0.15476007877287612
0.15480541490097277
0.15492166941730678
0.1551038540496038
0.155196711175263
0.1552043182091335
0.15522932641186526
0.15526900680060163
0.15532604950222528
0.1553572962437737
0.15540166674112887
0.15541864669583627
0.15554851356201482
0.15559888044371561
0.15560641082519333
0.15574312989458816
0.15593427054188447
0.1559403155735024
0.15610365931945536
0.15614004823154937
0.15618858351369835
0.15624467954155774
0.15628714229919072
0.15634578826111545
0.15637661721913276
0.15643048520479907
0.15646511811588193
0.15688880718818465
0.15689705394048348
0.15693930197920425
0.15695857783913958
0.15704587470005227
0.15705861442636804
0.15719758549902252
0.15727480791519244
0.15732138712322763
0.15737609416166976
0.1574264107996668
0.15746273904521724
0.15772616770324843
0.157825825314573
0.15784450823605412
0.15795208546386086
0.15796547256528637
0.1580294091040847
0.15820904367730382
0.1583292091219527
0.15834721789533535
0.15853830256191093
0.1586177897577561
0.15916044125495765
0.15917771043381768
0.15921494740718167
0.15921622594756957
0.1593341554719958
0.15934556026015245
0.15956525135844157
0.15959818876984166
0.15988611920472673
0.16003165275054387
0.16007739335028326
0.16012521938876279
0.16020418236921596
0.16045980028310258
0.16056281649812576
0.16059488962047552
0.16063350491930417
0.16065060066003034
0.16128474726474729
0.16130712173026807
0.16143824010017405
0.16145182704114414
0.16161136585038438
0.16177083000857695
0.16177434692490777
0.16187017787731195
0.16187326497756538
0.16199493688491828
0.16215043732242085
0.16222994584389072
0.1623721851739398
0.16264288950807015
0.16278101861480954
0.16301233429423212
0.16303371395756094
0.16305836205093438
0.1631930084994354
0.16322525594464476
0.1632891961299614
0.16331158032788684
0.1633177391893088
0.16337680387414144
0.16345624868435937
0.16354030369588135
0.16371956213328764
0.1637963934736486
0.1638731035403478
0.16398171608232515
0.16409258898995704
0.16410047573115527
0.1641430112163369
0.1641501318720502
0.16422197824588414
0.16432219495204314
0.1643608946925581
0.16443488045554033
0.16448917181859835
0.1645258880263165
0.1646002488512971
0.16461289274926982
0.16476502312759356
0.16477398353359707
0.1648581869169956
0.16504793422654485
0.16519735427866566
0.16530561600626759
0.16540907118355608
0.1654109281105447
0.16542736943369563
0.16559022918346755
0.1657052770683919
0.1657590852674291
0.1657784507110639
0.16577930290030285
0.16579213569236106
0.16580978880867603
0.16589139511822482
0.16591730369964175
0.16592516287195624
0.1660307727779532
0.1660722700065571
0.1662234818986993
0.16634490214644637
0.1663897860056993
0.16643799755877375
0.16649207610303685
0.16649548884743315
0.16651758520229487
0.16657384127708796
0.16659707370579868
0.16701500949643355
0.16703135257843615
0.16706208795350008
0.16725632629616016
0.16734084736039545
0.167631055519309
0.1676808201543203
0.1677764761314351
0.1680116795010329
0.1680133018625971
0.16814348979735505
0.16815267659314526
0.168179994264112
0.1682748818677493
0.1683436488706267
0.16839358361627543
0.1683986713940926
0.16846387636135907
0.16847187335581149
0.16863420252521388
0.16868337137896638
0.1687569260501921
0.16884064543668487
0.16884270171122528
0.16902696728863176
0.16904519429294151
0.1691355164042776
0.16919220389917833
0.16923992439770108
0.1692942446170369
0.16952022777355003
0.16957230372667875
0.16962829437424898
0.16965657345057517
0.16968433408623684
0.16968635980143165
0.16978411794053505
0.16979856547226602
0.16980055761850865
0.1699189115620926
0.16996531121054215
0.17000716845801245
0.17002179824629937
0.17010666367742067
0.17056850047773975
0.17060131609659257
0.17068365976955258
0.17069102589329566
0.17069230421719594
0.17078732167282462
0.17125501959421408
0.17152091865245167
0.17154385835603314
0.17168553472648407
0.1718767560326655
0.1718796707657837
0.1719312425884505
0.17196178236472093
0.17196992207138817
0.1719830243391094
0.1720215071733745
0.1721138554561208
0.17214061028399263
0.17222545987018145
0.17233411649971542
0.17245728264949256
0.1724674733345234
0.17249424581386097
0.17272887299466633
0.17280020587852485
0.17284562764673195
0.17284843258494942
0.17290177221204583
0.17298173926790916
0.1730533462810554
0.173061389435055
0.17315113337177235
0.17317109843850353
0.17319270717529667
0.1732023072041362
0.17350675787766656
0.17352060998360674
0.17361339601395442
0.17362957070658847
0.17371085399572106
0.17371365894248714
0.17386690396316096
0.17387447299938041
0.173910888766858
0.1739460508320212
0.17401975361546118
0.17408322022528533
0.17423692187106843
0.1744553647816336
0.1745308325863496
0.17495032037779068
0.1750573150397059
0.17516125423091433
0.1752405399354804
0.17551149103598207
0.17551510878139642
0.17552398245942646
0.17564443644732441
0.17570162084408547
0.17587357354875244
0.17590940420920376
0.17594130391169882
0.1760369266496824
0.17604253085983435
0.17608498713103193
0.17610333838295078
0.17635629598533042
0.17636477043363885
0.1767794977859003
0.17691765147354022
0.17695446549116256
0.1771567490492747
0.17721968102479901
0.17733573375537393
0.17756708020886813
0.1777808020468925
0.17781369732358
0.1778736399234112
0.17809966916133435
0.178176941094485
0.17826322357170743
0.1783110122147744
0.17833122212973707
0.1783426196460859
0.17842515261161773
0.17849691604272433
0.17880494833180793
0.1788206578517757
0.17899506922398478
0.1791369650980449
0.17927104410154637
0.17927656962436145
0.17933364674937025
0.17972007475352902
0.17972062132404443
0.1797504756718049
0.17981493577241203
0.1800329833447022
0.18003403761592685
0.18006566770036647
0.1801379111557826
0.18018622646639226
0.18018964655357106
0.18032321583423416
0.18035373034148372
0.18053714609876292
0.18077191809881565
0.18082570929738728
0.1808733179163946
0.18096061227874294
0.18110228303370912
0.18110317808678356
0.18128687152914114
0.1814299528366634
0.18149132145798852
0.18167310661892888
0.18168328993043403
0.18171916251673093
0.182426485336026
0.1825218004818696
0.18256905163760317
0.1826723379636116
0.18275956835768503
0.18279853457446515
0.1827992430021952
0.1830397616069238
0.18318229225529348
0.18320972159198856
0.18330964787591486
0.1835873853000609
0.1836601530599915
0.1837909603856489
0.18380795574983377
0.18386199120734448
0.18393261963946628
0.18395040950293884
0.1840360491898695
0.18406811809333568
0.18425539392304247
0.184437133246784
0.1844836594592334
0.18489005450299734
0.18489187178687805
0.18490612401614892
0.18510618154802905
0.1852448781311259
0.18539245673607097
0.18545610903177412
0.1855515986849381
0.18562332311715157
0.18577259270841617
0.18586010232560535
0.18589000741988648
0.1859735989028708
0.18607407997389647
0.18618481729166914
0.18628996356951877
0.18643698551914678
0.18719562273240098
0.1874834773235724
0.187618602504372
0.18779194911494712
0.1878055780712543
0.18782485204622068
0.18783291193624807
0.18795290253682395
0.18796567803678121
0.1880225869825103
0.1881066274657286
0.18810765584375289
0.18813424781794708
0.18817601758781743
0.18820200320342373
0.18831822948872168
0.18846868801826622
0.1886571034644673
0.18880503787905067
0.18886028097000396
0.18888576858056771
0.18897279257015187
0.18915109903021565
0.18926159322012137
0.1892919768604201
0.18934363227118434
0.18935670536529825
0.1895156541395976
0.18960433792165698
0.18964755729480443
0.18967400812795776
0.1899996400826356
0.190042441837461
0.19016490480704462
0.19020282082338014
0.19021148989718406
0.19023786045360336
0.19024400196640956
0.19024774165289315
0.19035931041628507
0.1903595596741584
0.19054453263043014
0.19057590738793473
0.1907568692791919
0.19076005670656349
0.19081169970570722
0.19083575405655528
0.19087106666696374
0.19090215903045848
0.19093259501337667
0.19119763868128548
0.19124550055575185
0.19151635511092446
0.19159905542231936
0.19164239843505415
0.19171307021117268
0.19174062591962004
0.19180396073353645
0.19184449494731937
0.1919356091079213
0.19213788310408098
0.19218480388300185
0.19236975584076177
0.1924937913451752
0.1924990914123763
0.19259331709977112
0.19269543980950843
0.1928823429237262
0.19288287416181893
0.19305460815868214
0.19316508583565217
0.19326576211105873
0.1932726612327751
0.1933701333362059
0.19337393662146396
0.193417620404981
0.19346569624347032
0.1935344088347506
0.19361394153125
0.19370913614930219
0.19383504681969155
0.19411873329907414
0.19417206981398283
0.19458164315839022
0.19459349731159925
0.1946252713733041
0.19465593639099277
0.1946659237900571
0.19487240643461667
0.195125682552024
0.19516856453466636
0.19556267563091922
0.1956530501842768
0.19581959728214182
0.19587022019462175
0.19587046428683108
0.19591758868463838
0.19605614436083885
0.1960886232275827
0.1961101196844176
0.19628042131281687
0.19632381888483863
0.1964370641154216
0.19646527433448302
0.1965491835619957
0.19659342209230124
0.19669229005686595
0.19704347024213043
0.19716846820323464
0.1974665304788472
0.19749373136802384
0.1975913828506588
0.19765537229416053
0.1978112342049364
0.19786531577867317
0.19838970567516545
0.19844356207823077
0.19846791176745682
0.19856010749125574
0.19865851289980507
0.1989733473312032
0.1990194745787418
0.1990358300216819
0.19924147102146583
0.19940320470625894
0.1996099102304132
0.1998049861593023
0.19982441019368613
0.19985825426061066
0.20001416409168937
0.2000805511904009
0.2001802501489347
0.20031856179155794
0.2003995653353179
0.20056772291239655
0.20067942324007837
0.20078364036906804
0.20095475174146282
0.20105254075179213
0.20109532648882877
0.20123092924087338
0.20127399127268542
0.20134937296219957
0.20135814551169928
0.20142015462287732
0.2014228824158053
0.2015041679675601
0.20168685790560192
0.20170012111709834
0.20174713508170317
0.20181220418590873
0.20194142194795217
0.20198559111940062
0.20209424796929465
0.20214028756430014
0.20215704344299001
0.20218757795213949
0.20229090597393418
0.20230502576103282
0.20242764419364012
0.20257790681933974
0.2025967397024756
0.2027845706794582
0.20293839101171085
0.20304846841706548
0.20311729124823297
0.2031612842505639
0.20320764619091414
0.20322905734220775
0.20323654581542072
0.2035850837999621
0.20359002841771867
0.20370947272169493
0.20373861254024717
0.20379101597882243
0.2038178342892052
0.20384803426430653
0.20386211899448892
0.20395187827212302
0.20397406582222766
0.20400512620955125
0.2040652964182028
0.20418474762807715
0.20422173409674316
0.20422783259205746
0.20426371012155087
0.2043145306246119
0.20435046831043824
0.20437573704973122
0.204453451016546
0.20462946377601865
0.20466726431123627
0.20473380958926957
0.2053734553704727
0.20545374575853748
0.2054881253037243
0.20550166544624782
0.205556045418972
0.20577379600182277
0.205826925964249
0.2059728544344408
0.20608994561807226
0.20612353102274206
0.2061435478012248
0.2062192247060104
0.2064269811228373
0.20652619329330468
0.20667499471023
0.20684590397028324
0.20687109682045768
0.20688488583200604
0.20712394953952273
0.2074106429656295
0.20800152288091844
0.20805611299944482
0.20816189508644456
0.20820566787583172
0.2085319606268352
0.2086413959078065
0.2087083576352401
0.20883127430618575
0.20884280723425674
0.20894354375766966
0.2090062438672451
0.20911649942870825
0.20916348632206738
0.20917905322883112
0.20926351367025864
0.20937975188544544
0.20950231056702384
0.2095374357738362
0.2095815045816598
0.20967263946443904
0.20984286452995782
0.21013082392925053
0.2103058893213472
0.2104512482363613
0.21085381455856056
0.21110493047559853
0.2112140800669563
0.2112626680658244
0.21135729857733754
0.21147019488608998
0.21164460139716545
0.2118275142617012
0.2119241244258423
0.21193357323349027
0.21199714565324568
0.21212825789166623
0.21219066200566528
0.21237918696512703
0.2124462980518964
0.2125538838526223
0.21287962007367378
0.21292187345839797
0.21295223345474812
0.21299141014210798
0.21310706266525714
0.21311597137980387
0.2133094161360346
0.21335448331067286
0.21336608050619488
0.21339193881854623
0.2138845223913457
0.21391212576827168
0.21393944723347091
0.21421165832482292
0.21430770585765035
0.21430893524410777
0.21437608313624745
0.21444608872186377
0.21450766495980034
0.21452580758408402
0.21460351234084718
0.21485962122910762
0.21536907096205082
0.2153955456817077
0.21554820673398112
0.21571662706089878
0.2157827841048875
0.21589786999717853
0.2159133696979897
0.21591472392474675
0.2159263991851672
0.21592977268485591
0.2159717088419777
0.21618154568577785
0.21622775449246
0.21638895332749264
0.21651626050958583
0.21661602183400208
0.2168013263883899
0.21693745611296433
0.21697095308565983
0.21703842374336546
0.21704542604208887
0.21710200696061277
0.21721128055551175
0.21729041675515837
0.2172914408605071
0.21731894509319538
0.21737565834565697
0.21742765066299263
0.2174470238233539
0.21758118794430215
0.2176146584164831
0.21769205347298337
0.21784730389646922
0.2178706914387908
0.21797934436944089
0.21817654666211073
0.2182733115206924
0.2184397261946296
0.21855301141594907
0.21860730227778624
0.21867143700833225
0.21872329644413568
0.21912097806115038
0.21913125934448563
0.21927238988041275
0.21930392514851038
0.21930906494944036
0.2193230344517514
0.2194617533325236
0.21947614113494163
0.21948942375379366
0.21949931647337406
0.2195503258220295
0.21959308588141502
0.21963316029790203
0.2196891426709744
0.2197782058365666
0.21994408171207924
0.22007718955892552
0.22014120088200784
0.22018631986940806
0.22027289173485531
0.22027296566265364
0.2206515033860752
0.22070335171958966
0.2207652955849424
0.22093111514230723
0.2210801965796716
0.2211725963746125
0.22119609907830362
0.22120558674852697
0.22121121521429954
0.22130904110251381
0.22131999531068125
0.22138450324806147
0.22145556056254811
0.22157732219414672
0.2216216392448107
0.22167133907155634
0.22173539688850585
0.2218732466364567
0.22187891018955763
0.22195023851185547
0.22195496646854906
0.22201851107071235
0.22203540673507782
0.22216671625262208
0.22229601967332158
0.22245069644700877
0.22258985986090418
0.22262006196826412
0.22277598337629
0.22278142846221927
0.22281092439901817
0.22292460660683167
0.22298319619764362
0.2230893483167976
0.22309513623440158
0.22312843256810244
0.2231806920623447
0.22320840092509675
0.22331524962462268
0.22337251517604095
0.2235339356344772
0.22361429662735477
0.2236216399249189
0.22367851035783126
0.22375242937093198
0.22377658969542158
0.22384905719217585
0.22386398909197192
0.2238709779792547
0.22388436020784197
0.22396868027072236
0.2239938070182561
0.2241401363604072
0.2245387462662165
0.22462640684487722
0.22462963871624875
0.22495655359339306
0.22499613927489248
0.22529932087896187
0.2253165568380645
0.2253911492314381
0.22570244869113587
0.22579405880897163
0.2260085159181877
0.22612136647715042
0.22616246910419147
0.2262925288842469
0.22635054872328564
0.22650849548728447
0.22657621995953592
0.2266472274275989
0.22667869819229658
0.22677655501598504
0.2268113911502897
0.22734872374896198
0.2274814400465457
0.22749254612022551
0.22763405890598465
0.22793193606131235
0.22803520980150838
0.22812300336789115
0.22815954885531564
0.22819702022906108
0.2282228691794811
0.22835439169603255
0.2283588873609126
0.22861120281463654
0.22868020825687085
0.22884174341264152
0.22887290023982387
0.22890973691902894
0.2290127155466286
0.22909416457348986
0.22917842809852318
0.22921266775425675
0.2294668749970603
0.22956044387160113
0.22958283376426225
0.22976493568632805
0.22989859473420804
0.23000613367957667
0.23000955109714982
0.23015323937253185
0.23018135136210138
0.23024569235287884
0.23024672644190347
0.23041644223122737
0.23049555419315648
0.23050539563765937
0.23054748044805184
0.23055326188469816
0.230640733490868
0.23069089136723409
0.23076841064016818
0.23081402229789494
0.23082899685303737
0.23106766621068364
0.23110796603572759
0.23112267074770454
0.23117169223466105
0.23121348587805812
0.2312169262280478
0.23122537288959677
0.23125728722249939
0.23126303352359479
0.23127124428075985
0.23138645958194137
0.23148052081275194
0.2315695863811147
0.23159435235787573
0.2318530965817246
0.23186265338494194
0.23187394569317643
0.2319279201339438
0.23203675173486005
0.23207929953224826
0.23209291639942542
0.2320936659472117
0.23210979681497523
0.23217902856049966
0.23220075539171048
0.23230091576135525
0.23245204496065153
0.23246946796274004
0.23248007529583137
0.2326934287295397
0.23292725529463942
0.23295805289857607
0.23296106303816833
0.23300585509236083
0.23301858856850455
0.23303942363939623
0.23307891983897888
0.2331650036825006
0.23328676536359982
0.2334034780729014
0.23344032194084563
0.2334666420291973
0.23346854056092026
0.23358794708546082
0.23366289734146317
0.23370453553601922
0.23375612674616242
0.23378787720030791
0.2338326211473316
0.23419495923391476
0.2344118961122854
0.23444412295991734
0.23444763455450146
0.23446527948279794
0.23451787469288576
0.23451833109358478
0.23454897109935235
0.23456731267165476
0.23457554483350695
0.2345835049737831
0.23467233093977702
0.23472741463205515
0.23474832376440902
0.23477575297544873
0.23501090630275956
0.2350442946573229
0.23511892953617286
0.23516122365583736
0.2351753268013692
0.23535387461095647
0.23545811321250154
0.23548806712546444
0.23551789043304194
0.2355418119198901
0.23574709478459055
0.23580735738537095
0.2358673158082628
0.2359385623825616
0.23609715651500818
0.23618152497285794
0.23619058093147638
0.23619398874189568
0.2362154660382335
0.2362344758484194
0.23640480181743495
0.2368096024133719
0.23689967676318646
0.23708529487943386
0.23747987188369346
0.2374801951186859
0.23757739048721693
0.23776047647172005
0.2378815144386367
0.23791226975683366
0.2379357748768247
0.2380210073221003
0.23809279128328187
0.23831911141604656
0.23842240031624695
0.2384274323903065
0.23857938292762437
0.23871395139413698
0.2387193533443257
0.23880276183908888
0.23887927874237858
0.23890058429085181
0.2389294405439526
0.23907697961486463
0.239116624341717
0.2391959051355046
0.2393086923930814
0.2393917011221347
0.2394115855989084
0.23941853953796843
0.23951752340359145
0.23956425091762845
0.2396283459791113
0.23964892743407673
0.23970350564347254
0.23987516398327302
0.23990529142625538
0.2401512892673079
0.24020779237571255
0.24024087334780497
0.2404031666561236
0.24051759368936154
0.24053524663385284
0.24054724705859154
0.2405680080332384
0.2406158016508655
0.2406250895962062
0.24068568047441619
0.24071246169975546
0.24072656628336997
0.2408056045395578
0.2408881095467712
0.2410454181392795
0.24106083812028944
0.24110537444412694
0.24111801581909054
0.24117072520645988
0.2411939118173837
0.2412236515898003
0.241390863923025
0.24142674656986107
0.2414383260807258
0.2414760342831883
0.24148321276250395
0.24151849458538888
0.24162173118979324
0.24169333428409434
0.24174968884466375
0.24179699270972266
0.24181061853403207
0.24187420138349214
0.24187886244720536
0.24193416593227657
0.24193626606435226
0.24198221718045365
0.2420085346983366
0.24212959240189758
0.2422150520903409
0.24223804386720094
0.2422467023919317
0.24225112040062902
0.24228714765192472
0.24230550777014703
0.24231688929297057
0.2423854320196308
0.24247991648066736
0.24251458224286093
0.24252860601057824
0.2425989389868275
0.2427369618134556
0.24277728166032886
0.24280101417140587
0.24285312547519622
0.24289802688348194
0.2429006090628285
0.2429244791244347
0.2429811166331528
0.24299162145095288
0.24299190415490202
0.24300773314217294
0.24313836542696643
0.2431424150239756
0.24323704910667354
0.24362505826678493
0.24366421182151476
0.24371097730508906
0.243814139902383
0.24382471757869761
0.24383065973184015
0.24396027824954414
0.24403508790340145
0.24406395688559557
0.24411171339838222
0.24415910945945818
0.24423444988969512
0.2442476079089997
0.24424805652276405
0.24436421361077143
0.24447986115109854
0.2445097399441547
0.24457419689531257
0.24458536965484234
0.24459968915540298
0.24464132261357907
0.24464266291495307
0.24466225283226173
0.2446938701482413
0.2447076443931454
0.2447236963740249
0.24483589621145052
0.24487469577567356
0.24494389881626732
0.24494699069990455
0.24504752079751757
0.2450482295209122
0.24505170934459808
0.2452226898902108
0.24533862885615199
0.24536107207558988
0.245429306322132
0.24556296871409633
0.24559177102475682
0.24559610144286081
0.24559765125097388
0.24563017116154484
0.24565072818082334
0.24578541966969314
0.2457877610484731
0.2458110705517409
0.24581360924265527
0.24595187539415564
0.2460233188937343
0.24605735066053658
0.24606118188239368
0.24608089718618875
0.2460825728366305
0.24616405895294147
0.24616839187380202
0.24617466856339765
0.24627666498044554
0.24630950446295508
0.246328550787007
0.24635114105597355
0.24650315813661217
0.24655210355990975
0.2467093706251946
0.24677119505658118
0.24679460682210608
0.24694450489923547
0.24696957752705306
0.2470523731381017
0.24715906198674076
0.2474275331852951
0.24750290296724164
0.24750815930843273
0.24760264240064522
0.24760826854135087
0.24764352936494216
0.24767840471691516
0.24772574674921632
0.24792684183389202
0.2479470664520459
0.24803040461371673
0.2482234260558165
0.2482422606226048
0.24827266846746365
0.24829864347702668
0.24832610631362995
0.2483765900196142
0.24839215710042806
0.24839811291621827
0.24854174615145075
0.24856740252466158
0.24871828685757758
0.24882264968859713
0.24904158364808826
0.24921079043495475
0.24930722501051394
0.24932991914736435
0.249410000877627
0.24941861956766065
0.24949104438550962
0.2495196628495575
0.2496920433728269
0.2496931302498263
0.24984524830978494
0.24990788225204408
0.250035989338368
0.25024381852754884
0.250248729625444
0.25025269642509984
0.2503007430700316
0.2503061344190205
0.2504080254192621
0.25060972873599097
0.2506744826020707
0.25082207757967045
0.25084682973488703
0.2508954050494039
0.25091026941836914
0.25100833597889216
0.25107020119712375
0.25109887988759105
0.25114256910104027
0.25128054135105193
0.2515038632940644
0.25151736877681796
0.25155160332646487
0.25156599866480456
0.25158633145256837
0.25167574760515943
0.2518094626625459
0.2520326303989553
0.2521628487177411
0.25216406729870144
0.2521900713301122
0.25219090310120285
0.2522174610727056
0.2523270025997798
0.2523713607812945
0.2524622399660026
0.2524662145598857
0.2524737667698457
0.2524983503996563
0.25253150998148266
0.2526710932626195
0.25278096702685116
0.2528666547032865
0.2529251167429333
0.2529271414539964
0.2529365672155879
0.25297236736327067
0.25298257338308416
0.25303204654421496
0.2530617710931913
0.25318351703138764
0.25319275848507306
0.2533066744181873
0.25331947147945033
0.2533817804505675
0.25355431216889324
0.2536843265673492
0.25377615060664005
0.2538201908904767
0.25382097908743917
0.25386995471491025
0.25388476536201143
0.25389255176743597
0.25394167497226605
0.2540021977480723
0.2540154067589192
0.25401828748351185
0.2540651058292971
0.2542060935773788
0.25424653115684437
0.25436248120331406
0.25451387859311314
0.25455054405179744
0.25456368482305247
0.2545780539653686
0.25459842273176003
0.25462482088054916
0.2546642080011592
0.2547384544202801
0.2547425922357289
0.25500987123111196
0.25509896526550946
0.2551813780602724
0.25518571268105017
0.2552999170042667
0.2553832810855019
0.2554188306180052
0.25545979808716845
0.25546038351245537
0.25548559818388805
0.2554919259264469
0.25549547160222197
0.2555015183630217
0.25552819833435225
0.25560275453552983
0.25567968525310536
0.25573921244144726
0.2558402523654053
0.25592004885833486
0.2559721944730996
0.2560633955478323
0.25611079842784257
0.2562012784115497
0.25621690316385215
0.2563499073811455
0.25645616484279377
0.2565290415084902
0.25663530486285446
0.25665636422342686
0.25665886415136396
0.256738435743611
0.2567452023798944
0.25681335171335395
0.256911816565935
0.25701624692864367
0.25705538975896036
0.25707415938004285
0.25710678443897694
0.25718833059334223
0.257199116411746
0.25734630029504213
0.2574199244792974
0.2574784189689697
0.2575157668005348
0.2575567172568811
0.2575922401793963
0.2576100823429437
0.25765698039205764
0.25769703718754666
0.25774444167683386
0.25778044955847657
0.2578369190288683
0.25794458235429996
0.25795691327210135
0.2579833449220861
0.25807234288655
0.25813169262715263
0.25813407183141457
0.2581631179376087
0.2581855176239839
0.25841290473569345
0.258466882326984
0.25855722892100386
0.2586258065965773
0.2586350833489557
0.25864278319167666
0.2587286303522415
0.25873565581578295
0.2587975273812314
0.258897599914814
0.2590439601284682
0.2591106389878015
0.2591133146773097
0.2592189406798734
0.2592267584701229
0.25926119581011897
0.2593603485632888
0.259382900504862
0.25942312084250607
0.25942640842868614
0.2594325738831158
0.2594526319421493
0.25965032388780807
0.2597561152606197
0.2599241589092266
0.2601159844623241
0.26026389353303336
0.26032716400110467
0.2603954752077835
0.2605492526133514
0.2606347545929386
0.26066384082068406
0.260898968659107
0.26095192007786605
0.2609774828413536
0.2611200539897284
0.26120279618851727
0.26121925428918447
0.26134710150895635
0.2613578424167682
0.2614567388433089
0.2615207829346031
0.26152689501402027
0.2615641238339278
0.26161514605231573
0.26164643127974596
0.26171142654486834
0.2617194005351158
0.26178556282129883
0.26188588694306303
0.26207005930602734
0.2623184922296915
0.2624617639254818
0.2625417531235259
0.2625981649164568
0.2627126341654149
0.2627983895705003
0.26314844172922147
0.26322837487252015
0.2633760317693321
0.263379309844059
0.2634261311914866
0.26348969492004715
0.2635385053275272
0.2635504840352606
0.263742677037069
0.26380276363072963
0.2640255190949905
0.2641902699155243
0.2642166553986909
0.2644155232204405
0.2645201786205903
0.2645680125343681
0.26478522845320684
0.26506713265378923
0.2651468598991702
0.26527640238415073
0.2653166058007318
0.26543081594330276
0.2654571344228611
0.26566725527373936
0.26580472137887146
0.2658467292298956
0.26586284573971597
0.26589086254025474
0.2662599430974958
0.266311022795642
0.26634543174226
0.26637179923146526
0.26646751097305255
0.2664995351009526
0.2665060789737347
0.2665968923684403
0.2666455341622318
0.2669259983993826
0.26694909181864257
0.2669620786439306
0.2670010124129045
0.26701156678090077
0.2670551030198698
0.26717377594161684
0.26720689904375106
0.2672830185889825
0.26756389078650034
0.26778971917085037
0.26788934799726327
0.2679646528768448
0.26799238571331174
0.26799709089911594
0.2680262253499279
0.2682075120163534
0.26825458088506293
0.26833058667958665
0.26841033802966674
0.2684578652080183
0.2684798714389429
0.26851762360214704
0.26866809785136425
0.2686991374397385
0.26882784503375157
0.2689340182677292
0.2689476455601475
0.2690790453676649
0.2691240491225457
0.26931786385030554
0.2693413149156886
0.2693424080657951
0.26944269155134803
0.2694602412784344
0.26954419570182586
0.26955321869911564
0.2695683127932931
0.2696304888817076
0.2697834739654006
0.26994474315102623
0.269962760327225
0.2700572195003089
0.2700930205002683
0.2701976052746423
0.2702052739684817
0.270372433929817
0.27041515444117525
0.2705156974986206
0.27058694883407275
0.2706327596942696
0.27087607352747134
0.2710402566165757
0.27108918154995576
0.27115138080856316
0.27116786509093505
0.27118555364954244
0.27120787485332964
0.27122438340499877
0.2712681096177235
0.27126904194353496
0.27142639013006864
0.27143601663368677
0.2715256915813331
0.2716909238205877
0.2718238971945661
0.27182711301371654
0.27193468031523693
0.2720661851233095
0.2720822328910859
0.2721114712137356
0.27211870427819496
0.27219861464997586
0.2723167923787686
0.27235729992081636
0.27244554929519715
0.2725577427905097
0.2727199465781889
0.2731317590991458
0.2731682820510175
0.27317124113545965
0.2731766538489837
0.27321260640433087
0.2732996210483799
0.2736799609683477
0.2738294745674602
0.27384889924257527
0.27395244212294934
0.27414874052911364
0.274363952347626
0.2743843366417935
0.2744157108684038
0.27447623603318827
0.2747249962675733
0.2747390836512069
0.27476390403723705
0.2748553585067043
0.2749056744289021
0.27491800087036666
0.2749550988304801
0.27496485062388154
0.2751142136037039
0.27513871685755553
0.2753478187226096
0.2756098312633717
0.2759019151477651
0.27613105447535724
0.276207746904404
0.276286983066826
0.276337969248005
0.276344518903174
0.2764028239392359
0.2764225735507997
0.27642848143593535
0.2764403078308947
0.2764706709872363
0.276519021870512
0.2765459048843677
0.27663875439432783
0.2766535503083434
0.276724209593072
0.27677860477539806
0.27685704137759326
0.27687854383342736
0.2770029903055302
0.27711859272682293
0.27715721471673527
0.27724747199885535
0.2773351292252504
0.2773787251996036
0.2773815757285729
0.27763141652167844
0.27774683396809663
0.2778608645426226
0.27787029790825746
0.2779670852343378
0.27797513767376825
0.2780073168625916
0.2780763095691128
0.2781983846149664
0.2782595929296521
0.27826872000450775
0.27841636933214275
0.27848652998621937
0.2785188250455064
0.2785811438881075
0.27875150554312667
0.27888158077679015
0.27891474908102487
0.2792335365716946
0.2794192935297436
0.2794742761005866
0.2795419567851102
0.279568624417443
0.27959109865791254
0.2796765315189723
0.2797050135864242
0.27988134412277776
0.2799832600351717
0.2799965779447129
0.28000513077298717
0.28003523300675404
0.28018773863631874
0.2801944625600572
0.280554678461827
0.2806465717946982
0.28069196739156954
0.2808247305680516
0.28083795991520266
0.28091303333111695
0.28093995900020285
0.28097392562196244
0.2809813191177085
0.2810279545734208
0.2810774743054202
0.2811095570243546
0.28117640687496703
0.281219626457593
0.28125553378784374
0.28132232124635437
0.28140940091058886
0.2814614973108569
0.28148680571487394
0.28148854930427536
0.2815478183943888
0.28161529642103666
0.2816512241874738
0.2816854328299856
0.28170605674257887
0.2818271272217592
0.28182877171907106
0.2818636344455392
0.2819261023705757
0.2821123156373512
0.28219073925696037
0.28225723678884584
0.28228622999718866
0.28232477780584053
0.28235243476017247
0.2823759128918355
0.28246199450772624
0.2824927436188356
0.28258324538357027
0.28260811188487467
0.282720638247526
0.2827810531178925
0.28286187789296746
0.2829524134484407
0.28301249952514507
0.28305111262671234
0.28306527649554436
0.2831143469447561
0.28316196949793504
0.2831843699568902
0.2832257115593664
0.2832367981230741
0.2832866863273724
0.2834067185161385
0.2834150876841772
0.28344811271652737
0.2834857127698778
0.28349875691158266
0.2835796957637998
0.28364072918136796
0.2836431042657781
0.28368630578720033
0.2837865970779109
0.2838753450764494
0.28390406290156145
0.2839291543932798
0.2839415335143378
0.28395410445737257
0.2840959819105596
0.28415007159779493
0.28415322208003024
0.2841613858792418
0.28417111705366493
0.28448514397837077
0.28464234979302916
0.28471431095641087
0.2848057728419515
0.284929468116764
0.2852439531297519
0.28527061271024046
0.28533393594349465
0.28533963691826614
0.2853511116434675
0.2853813934215079
0.2854437005364777
0.2856187046544807
0.2856743940723012
0.2858194027467391
0.28582131150259327
0.28583380318118423
0.28583689440087523
0.2858469807192532
0.28587179176510324
0.2859316535169214
0.285970636631222
0.28604644098164245
0.28612453361587187
0.2862058071195793
0.28645268127779233
0.2865427912232348
0.28667782031666456
0.2867855734912744
0.28679546929432664
0.2868252821953059
0.28695834485413685
0.28696282407537455
0.2869861843937854
0.28705674910443735
0.28710278802517475
0.28713493999720985
0.28732657766064007
0.2873553990016222
0.2874179541459341
0.28743861002866167
0.2875779736334927
0.28759661000671666
0.28765834941181745
0.2876967036107694
0.2877021534470552
0.2880854384362386
0.28809909448509874
0.2883156206832509
0.2885276710796796
0.288540742103081
0.28857317679615724
0.2886623659389693
0.28878175092796965
0.28881525985975653
0.2888372926131362
0.28907678972525086
0.28907728403896726
0.28910326799342123
0.2892247225414415
0.2892586154536425
0.28929248616310066
0.2893226366523092
0.2893423815201668
0.28937552425461965
0.28939324990044
0.2895667310908363
0.28959436901198266
0.2896088102648695
0.2896879263583404
0.289689833108295
0.2897082601026608
0.28981436675634076
0.2899007264794302
0.2899014355760714
0.2899488906185437
0.2899723385492382
0.29007679187673774
0.2901352578078993
0.2901421003679745
0.2901627347448805
0.290226322451407
0.290419677267868
0.2904539441508046
0.29060022626036375
0.2906483940686071
0.29067865657072156
0.29073286983807534
0.290743845904621
0.29074892257974727
0.2907935096493528
0.2908026792581676
0.29080553670513976
0.2908714760945027
0.2908823480440281
0.29091984321883146
0.2909393658067294
0.2909707289610963
0.2910110621440901
0.2910420469343422
0.29127348177742585
0.29133313283601037
0.2914200719088207
0.29159736872687314
0.29165893050399305
0.29172495510090823
0.2917812942874667
0.2917942086115066
0.2919029512835545
0.29192902580142155
0.2920123990375212
0.29211453692355116
0.2922389790401908
0.29235997089518584
0.2924406185668509
0.29257991467341715
0.2927393125937213
0.29283226912790206
0.29286961821057966
0.29297764629388834
0.2929910154159675
0.29300454899383466
0.2930206424721964
0.2931622751173122
0.2931890761355963
0.2931957810210404
0.2932590781911365
0.2933805262497655
0.2933816370779425
0.29339943612172326
0.2935758518626139
0.2936827383451228
0.2936879259117906
0.2937422012829377
0.29384878562532846
0.2938711219986433
0.29389964788980105
0.29404120202738915
0.2940775272265843
0.29418687070799354
0.29428391263466125
0.2943817289647612
0.2944195385434091
0.29447487769498304
0.2945106777639337
0.2945307811569584
0.2945485069942815
0.29457437109404316
0.29458696929952466
0.29459926828108696
0.29477016271909884
0.29486018703341577
0.29491057682068267
0.2949602221468369
0.2950072740789521
0.295228444647476
0.29524655566534985
0.2953067761725614
0.295326120012384
0.29534690259438734
0.2955230031228002
0.2955447822169799
0.2956948404584211
0.2956968175175265
0.2958098446702324
0.2958735462183528
0.2959183800438838
0.2959596119901393
0.29649380246323587
0.29669644062217093
0.296873838213236
0.29697730056080685
0.29700322259862433
0.297049166033565
0.2970810380532872
0.29709530950349117
0.2970955259321483
0.2971264479735609
0.2973650506522878
0.29737646627475134
0.2975026561933245
0.297509253089687
0.2975482705678535
0.2975650177893916
0.29760553963551206
0.297618507784397
0.29764487108885573
0.29772513951413404
0.2978536287164454
0.29795118608738314
0.29804764248307847
0.2980680264504527
0.29808201814526025
0.29815469323748345
0.2981573517145175
0.298172831241858
0.2982495932483822
0.2983570102884372
0.29850076917931556
0.2985851960798438
0.2986304166789573
0.29868224109984487
0.29879515319140826
0.2989349260097285
0.299013394456328
0.29906876802121796
0.2991136187001794
0.2991136269526071
0.2991540889001234
0.2991545797888884
0.2992365266637458
0.2992534756248719
0.2992721566866381
0.2994244132299059
0.2994532598689419
0.29951519192227416
0.2995574197828468
0.29972332393411094
0.2997512019081777
0.2997685999997004
0.2998067840179168
0.29986936119258967
0.2998735450825638
0.29997643146728314
0.30007571574189496
0.30010543064834394
0.30014517785424455
0.3004127086727244
0.3004349826782522
0.30045370669527205
0.30047961314022875
0.3005592803864101
0.300612663118895
0.3006298957233713
0.30068623642314807
0.3010217130857623
0.301046277187212
0.30105721247452666
0.30107071926197804
0.30127097185306184
0.30130879735776617
0.3013358657284566
0.30158562685219525
0.3016164766876006
0.3017800668240792
0.3017814976888926
0.3018390787682462
0.30186685776284383
0.3020231415554454
0.30204170689368404
0.30229075098647096
0.3024815867727495
0.3024945350775148
0.3027556684288595
0.30278511390138174
0.3027908604375661
0.30285690646438446
0.302922573542066
0.30298872645024755
0.30320713117486275
0.30326272283677347
0.3033688465767139
0.30346994449018894
0.30349041620893036
0.3035487553077255
0.30362476772023606
0.3036279252748648
0.30372131099845623
0.30375499783812154
0.3038030129095325
0.30381640956373235
0.30395694610239676
0.30398926203912313
0.30412960100657704
0.30414623491040516
0.3042597313388291
0.3043423554108319
0.3043548411060154
0.3043580696860093
0.3044804370310895
0.3045997432739245
0.3046271379167578
0.3046858251614196
0.30472638925151174
0.3048770313318673
0.30489132698277976
0.30500627090315
0.30504985330250145
0.3051069755093945
0.30511264988059017
0.3051288687343261
0.3051570140716722
0.305323106802285
0.30533936636233994
0.305365724884026
0.30538310586494677
0.30543338414625
0.3054382724059892
0.3055440074887813
0.30571147190554027
0.30576380195122266
0.3058205556894711
0.3058754194004303
0.30591376325285713
0.30591814366407666
0.3060954797751776
0.3061774972596383
0.3062312076995215
0.30624500614150985
0.3062508313496778
0.3063074203130166
0.30648087377102584
0.30648430678106675
0.30651358670851026
0.3066725932713984
0.30669650747377186
0.3067277952266434
0.30673846705564123
0.3067821877811677
0.306868275634818
0.306873808085414
0.30688494671012134
0.3068852358559372
0.3069765943609517
0.3069901207010931
0.307033418574846
0.30706134659127926
0.30709805122579603
0.3071022924393678
0.3071709084037493
0.3072519864570318
0.3072553464440724
0.3072573646918022
0.30727825104837614
0.30735224531847494
0.30740309517594855
0.30759223855861173
0.30764288393916317
0.307823147599411
0.30783132178527683
0.3078329580056449
0.3082939639140234
0.30835607193307535
0.3084552968121097
0.3084701527800804
0.30848695016166416
0.30863354107693497
0.3086631139677367
0.3086777154724544
0.3088586436824665
0.308977609428123
0.3089831973942787
0.30898576633074304
0.3090572220689842
0.3092702965246934
0.3092730111115113
0.3093250564512031
0.3093559920297204
0.3094229241835553
0.30956872366673316
0.3095702771246598
0.30979609789295104
0.30995965124868685
0.3100854083608253
0.31011608433003124
0.3102801632194816
0.3103039539761785
0.3103039539761785
0.3103349036821439
0.31036374711970316
0.310403041835164
0.31075609936461623
0.3107604074572312
0.3109692169066999
0.311057488448677
0.31106880177077234
0.3115555937772796
0.3116125154786725
0.31168045404420175
0.3117642767769153
0.31177157442251224
0.3118165626999505
0.3118321675953455
0.31185958450249274
0.3119141611776559
0.31200528590296084
0.31202787431477175
0.3120970197684785
0.3121167022742768
0.31211722313279
0.31212195337975923
0.3122215164134553
0.31224321215696627
0.31229825913292986
0.31230615851664123
0.3125030301567744
0.31252782619971375
0.31267739966828967
0.31275156520483105
0.3128098460348796
0.31283709806100357
0.31284807243097734
0.3130324582685775
0.31305582795362263
0.3132035349269249
0.3132377002667778
0.31330731921458677
0.31332059757321873
0.31336495384489793
0.31341146554840726
0.3136224191768031
0.31371859582807926
0.31379855421308545
0.31407525493736244
0.31418222614748015
0.31422959689158925
0.31424583067922174
0.31428768947470886
0.31429160666366074
0.31444449327643853
0.3145247442950826
0.3146524190566925
0.31474770834677135
0.31476008098592523
0.3147778693977047
0.3149129453528745
0.3149257895269054
0.3150472293867479
0.3151111401226673
0.31516640379528627
0.3152172862751551
0.31524940156571524
0.31538444351272577
0.3153865029219505
0.31542077691038317
0.3154412850669317
0.31569554868789296
0.315701434703489
0.3157813918386694
0.31590067258567167
0.31602181872816804
0.3162090505987787
0.3163318979036408
0.3163614443890317
0.31636670802910805
0.31661444269066985
0.3166279952728571
0.3166448829619938
0.3166463680182101
0.31665939438269586
0.3168312344182239
0.3168376118497179
0.3169325193017587
0.3170226148782216
0.31702354925466425
0.3171408350582574
0.31717662430477467
0.3172095497801444
0.3172706774796026
0.31732416883662673
0.31752770202303837
0.3175612133251482
0.3175936995334785
0.31762637167801533
0.31763342869050326
0.31765756149193725
0.3178871040337734
0.3178878397379379
0.31795534333186426
0.3179741121846906
0.318010523589245
0.31811840234184285
0.3181886827597248
0.31827514635643617
0.31829509880966467
0.3183874148826593
0.3184124861020665
0.31842777977331327
0.318550884272746
0.31857061714849755
0.318608882896954
0.318685332107404
0.3186998158422978
0.3188113668851028
0.3188510050588732
0.3188762517533783
0.3189008740981001
0.3189420185679579
0.3189645360140754
0.3189759964256236
0.3190005419822868
0.31905623429596686
0.31908228344679157
0.3192400600635913
0.31936582793574786
0.31940085427193043
0.31941436530254563
0.31942708550312104
0.3194912891866556
0.31951471226493966
0.3196703082571686
0.3197912573961297
0.3199174812055233
0.31991883829689083
0.320034231932964
0.3200894972948508
0.3202460333242272
0.3203005724517106
0.32040604696370745
0.3205010219472738
0.32072664072735824
0.3207344147751857
0.3208291723362442
0.32110232027126306
0.3211467298621953
0.3212311306083171
0.321319887514935
0.32147059619344387
0.3214738678888833
0.3215755553243794
0.321577247930807
0.3216094403966545
0.3216337001735612
0.32164661373928327
0.32166393936067905
0.32168982909636745
0.32193803350867567
0.3220312082671408
0.32207284334836883
0.3220763479019282
0.32214732126172896
0.32218284625086846
0.3222048580480925
0.322269584231723
0.32238902036860584
0.3224970638815958
0.3225373897506587
0.32264884839441743
0.32267215043004993
0.32278118596870975
0.3230209094483929
0.3231031694475164
0.3232571678579569
0.32331464799425236
0.32353178569829766
0.3235978817684475
0.3236143198622614
0.32362809794712577
0.323639167188869
0.32370817301775934
0.323942193381217
0.32396263312397466
0.3240125964036845
0.32409088981435086
0.32425200550687616
0.3244021897121061
0.32447798221490887
0.32457646832089915
0.32459898606725246
0.3247021944052295
0.3247362026362721
0.32477475346084717
0.32481226487727866
0.3248966577775194
0.3249819095237185
0.3250689471588182
0.3250721514017191
0.3252539412783877
0.3252690540644796
0.325293350409361
0.32529566156439493
0.32530471164650643
0.32533563080788486
0.32538171970394103
0.3254492546657757
0.32550300573613633
0.3256575974800664
0.32566315822361735
0.32568825924409317
0.32575753451038947
0.3257872730124045
0.3258455280348376
0.3258756448022522
0.3261914558948317
0.32620578024124747
0.3262170082228517
0.32627446268855576
0.32631326168483377
0.32634940447919236
0.3264779012514283
0.3264928930920563
0.3265222188302801
0.3265946633568211
0.326602763710486
0.326613816968482
0.3267336576149451
0.3267583221121865
0.32688097044600783
0.3270874232104941
0.32717781915214383
0.32740691859363846
0.32755047839437235
0.3275921709696653
0.32759298777411217
0.3277268114192591
0.3277977473374303
0.32785687108294315
0.3279859271527954
0.3279913195180536
0.32816455572287806
0.3283454218556985
0.32837675169450975
0.32842787058094647
0.3284337341862167
0.3284607214801085
0.32855420414500147
0.3287318782607942
0.3287945225963349
0.32882898867761834
0.3288438607643652
0.32894209567043675
0.3289732208122973
0.3292008648014759
0.32920200392197363
0.32920916248840393
0.3292544333911527
0.32934123614631816
0.32945007450194885
0.3294996942870747
0.32956945673445115
0.3295883218651863
0.3296398374615861
0.3296492477640034
0.3296638564328507
0.3296899920110915
0.32973810882220433
0.3297658025744168
0.32984058998979215
0.3299208686943935
0.32992945090190484
0.3299828192353347
0.3299852821043976
0.3300187076870662
0.33010433519158777
0.33013732552173325
0.33017913474640537
0.3301928595370395
0.3302696342591358
0.3302950680303387
0.3303303850677344
0.33033516821889575
0.33041902549743063
0.3304813224380524
0.3305043196940711
0.330512846111108
0.3306138213850627
0.33086184888248993
0.330912351710289
0.33092207043271105
0.3309577612915563
0.331102242619578
0.3311943304436813
0.3311992222825578
0.3312030122349695
0.33121275290303454
0.33125924710386534
0.3312958054331623
0.3313302954349908
0.3313923457484209
0.33145417939355803
0.33161306812677016
0.33162899700922077
0.3316568274847831
0.3317388927760553
0.33185796521176836
0.3319012612371489
0.3320522397723138
0.33212144528032495
0.3322557553665024
0.33227399942885527
0.33230604382197715
0.33233595749625466
0.33236471350433683
0.3323811356984281
0.33239396574832414
0.33241015556726117
0.33241061964969165
0.3326749884299105
0.3327531909229675
0.33283220750107145
0.3328653216696442
0.3329032565993236
0.33297183296336486
0.3329764555692125
0.33301795666158895
0.3330535524444638
0.3330598514861416
0.333155741471425
0.33325787582942923
0.3333423147935366
0.33345668670239637
0.3335575006723476
0.33359649869317176
0.3336696124550891
0.3337369062504678
0.33376513879936465
0.3337983709512258
0.33382073495010023
0.3338625651839364
0.3339053682607156
0.33400213788025257
0.33401044913994415
0.3341082500607979
0.3342047892092007
0.3342435537015287
0.33444287135656736
0.3344591649668238
0.3344776522543659
0.33451745962113943
0.3345518972791448
0.3345876604207978
0.3346409074799619
0.3347751736385267
0.33481771947098915
0.33482139682185497
0.33494893250336055
0.33497759784195
0.33503336900579117
0.33507152478097957
0.3351576619096881
0.33516770225155157
0.33522312143550836
0.33527197134263564
0.33531378124933875
0.3353247858350048
0.33543331624843875
0.3354420364444193
0.3354627319065634
0.3355025185836237
0.3356448832332871
0.33567156887146576
0.33579908187664265
0.33581049703119914
0.33581733554506044
0.33583600092164567
0.3359143355798738
0.33607086992360113
0.33620884583855704
0.3362426496689601
0.33630127348846206
0.33633739495691317
0.3363557040262193
0.336520978376732
0.3366659199700017
0.33680567389742
0.33682117390910216
0.3368459286191626
0.3369344077479248
0.33695172373654336
0.33697182540212456
0.33708291957060876
0.3370973396706072
0.33714746564006526
0.33729674999795844
0.33734747283733935
0.33740618724178884
0.3376830686622534
0.33770129171150265
0.3377774032729598
0.33791920457134195
0.3379651128984784
0.3379950923875339
0.3380325106791149
0.3380507309248043
0.33807156524393633
0.3380897275454522
0.3381093209569783
0.3381566719589104
0.33820346359350517
0.33823539454250995
0.3382536932483763
0.33830888863044184
0.3383218362511127
0.3383385514782481
0.33835939487690747
0.3383912055601874
0.33840940893954785
0.3384124810223571
0.33847696893805224
0.3385205213156902
0.33864109920032737
0.33869632717902853
0.33882639141328197
0.3388992795986101
0.3389090062348461
0.3389559491741213
0.3390499147012176
0.3390850531406102
0.3391863475698269
0.33918865465257386
0.33921829698230566
0.33922515353497895
0.3392809461332138
0.3393480535370753
0.3393738001012526
0.3394541949325576
0.33950064005719716
0.3395327687366403
0.3395345281256864
0.33956063606285647
0.3396148666499955
0.3398099274257873
0.3398205808344228
0.3398577664148391
0.33993806712149444
0.3399569088752017
0.3399937440712282
0.34001557366858903
0.34012532478018775
0.34012532478018775
0.3401508985840168
0.34031900244233726
0.3404012201778408
0.34049637615225525
0.3405106060051245
0.3405198808939571
0.34052522284796705
0.34053337308888243
0.34054049618310445
0.34059320472949606
0.34067864436496875
0.34067975033697084
0.34068062018945044
0.34077514190324953
0.34077514190324953
0.340794464622588
0.3408164859318056
0.3408436889515817
0.3408982316341278
0.3410266063000247
0.34120335503050137
0.3412982426427802
0.34141229078174595
0.34148315426844866
0.34160481444211077
0.34161742358238767
0.3416198357869331
0.34165164706876505
0.34166349856753175
0.34169958157446345
0.34170305984895133
0.3417211310025614
0.3417325553735058
0.34179229035317304
0.3418391842276056
0.3418391842276056
0.3418412223576742
0.3418951566306001
0.34190619308806913
0.34194085973141153
0.3419889718352719
0.3421841188204857
0.34227248551588974
0.342284385957628
0.3422852444415654
0.3423512707552081
0.3424250969088072
0.34243527635045745
0.34244452764204625
0.3424697150082763
0.34247423943117683
0.3427206676533744
0.3427729797779653
0.3428302703176005
0.34288221248507744
0.3429122548359238
0.3429482692979837
0.3429732532733073
0.3430137978215275
0.34303678296293283
0.34333906346338927
0.3434142690583045
0.34344880700837144
0.3434784009347891
0.34348159578605286
0.34351252355806294
0.3435404829196824
0.34354613041296134
0.3435930258830746
0.3435934206373118
0.3436649815590186
0.3438224922635522
0.3438224922635522
0.3438634333930487
0.3438676766852079
0.34387000391855327
0.3438874991565084
0.34390744207103763
0.34396358456907117
0.343976088055016
0.3440126783060298
0.34427612485528813
0.3443204867097962
0.3443575581143281
0.34437667136821126
0.3444105705539725
0.34443966490793976
0.34445109254588635
0.3444528984697238
0.3445439627485908
0.3445459797701156
0.34457536629971663
0.3446027112880722
0.34473491897045605
0.34473673558218565
0.3447646122368464
0.34476843288624637
0.3447790778540598
0.34484597702792186
0.3448792129916912
0.34488995831298286
0.34488995831298286
0.3449232753001813
0.3449669664435695
0.34497632858099014
0.34512337689729167
0.3451487535646862
0.34515693042904005
0.34517505187647224
0.3451850403504847
0.3452589636214214
0.3452880784912504
0.3453083482201047
0.34533626371734827
0.34535010485663586
0.3454614819773568
0.34546747975633596
0.34549910941822737
0.34561080219423135
0.3456552408288156
0.34569952021358685
0.34578570594009617
0.34579333412082536
0.3459290668465471
0.34602271580182853
0.34603001278996715
0.3461565358040213
0.34628810930769005
0.3462937411486948
0.34644133903312824
0.3464519796707537
0.34654714006135157
0.34665460730055253
0.34665788359481664
0.3467915493831091
0.347003156420705
0.3471291963850196
0.3471621071071592
0.3471682103652688
0.34717574521407135
0.3471812296293715
0.34721209916446405
0.347369757733619
0.3473723391426349
0.3475017892731157
0.34752530174708474
0.3475255396627658
0.34772139134867364
0.3477474299785377
0.3477500041946606
0.34776239618887006
0.3478317862004896
0.3478581947812931
0.34788892119827974
0.3479730641599559
0.3480491096898546
0.34805534175067065
0.348189011777595
0.3482596285309607
0.3482834227744692
0.3484610394426253
0.34846351336839687
0.3484901834869798
0.34849320898940195
0.34858322381970597
0.34859058072164884
0.3486505526951338
0.3486757397979672
0.34878265872553726
0.348797841475478
0.3488061029292584
0.3488061029292584
0.3488061029292584
0.3488254323145077
0.3488925317138466
0.3489169339463456
0.3489462976447779
0.34895378660921195
0.3490353390376091
0.3490383059814237
0.3490759204121989
0.3492357444338424
0.34930733274010173
0.34940852602031147
0.34942541139271166
0.34944138518880385
0.3494693859504776
0.34948397026569034
0.3495851247086055
0.3497399611474492
0.34975027441930706
0.3498018424708227
0.3498640458481146
0.3498725891632968
0.3499325650324254
0.3499340136414565
0.3500450580470249
0.35007196668841967
0.35012166673650125
0.35018111082351044
0.35023389054146303
0.3503032695159345
0.3504106690687142
0.3504292568763877
0.3504505218578806
0.3504722404385463
0.3505022906974853
0.35058139495372154
0.3506156800584236
0.35068852978623144
0.35068852978623144
0.3507549778313457
0.35077868186397276
0.350852729716012
0.3509097144927691
0.35091381696596735
0.3509878849340283
0.350991625515777
0.3510308539531194
0.3510601869053275
0.3510603815082277
0.3511180807765363
0.351235874534749
0.3513300368860862
0.3513823334099384
0.3514002807176775
0.35145533605724466
0.3515230676303105
0.3515501748353236
0.351652775015316
0.3517104138007139
0.35183941005244546
0.35197122400325653
0.3519935582509177
0.35216889525128725
0.3521890803969018
0.3521998664435877
0.3521998664435877
0.352231095148942
0.352267728961419
0.35228870438993687
0.3523690721213728
0.3524293667676306
0.3524346858900782
0.352440952189802
0.3524674879885994
0.3524925968478947
0.3524925968478947
0.3525750596517684
0.3526133908128798
0.3526356712980825
0.3526520796953423
0.3527013629358138
0.3527655813769399
0.35278108212872517
0.35278193039473915
0.3528188453537662
0.352829812469051
0.35288204622552
0.3529095614321084
0.3529225023658955
0.3529225023658955
0.3529763441702789
0.3530088743667561
0.3530119816296251
0.3530192074695714
0.35308354754121085
0.35315960152635073
0.3531803316031751
0.35321102202876276
0.35322036271912416
0.35326213656529193
0.35330777333101027
0.3533175001315054
0.3533195845202928
0.3533233050469431
0.3534632414782435
0.35354272306828605
0.35354663206034065
0.3535956440191016
0.35359846915137894
0.3536530609486519
0.35369331817987626
0.35369480340569837
0.3537524976316988
0.35390145096256176
0.3540185835923312
0.3541097817343062
0.35413447620483585
0.35415421279582393
0.354226053651433
0.3542318939924989
0.3542943127443421
0.35429709654185126
0.35430724838281213
0.3543155865755472
0.3543611952222063
0.3543835595243463
0.35442144962715716
0.35443453796289714
0.35443453796289714
0.35443453796289714
0.35445476929618447
0.35447889611184735
0.35449023141858016
0.3546206467053381
0.35465412142285957
0.354765435269901
0.3547793637156248
0.3548042164774535
0.35481143271314175
0.3548396159263213
0.3548539872888178
0.3549037716058563
0.3549426436427292
0.35497965917965857
0.3550551609581132
0.3550666226758674
0.355086128368576
0.3551226716990489
0.35521483217356387
0.35532660620786316
0.35533924385632243
0.3553392825796926
0.35541139256153054
0.35543568888879196
0.3555673706898139
0.35559197338972603
0.3557075013570581
0.3557949983506892
0.3558090640967958
0.35584531774132
0.35592424003986756
0.35596132503032796
0.3559736673828321
0.35603016162254497
0.3560638435035516
0.3560714971598564
0.35608654358386205
0.3563206714780388
0.35632342948627016
0.35636018088377364
0.3564140150796937
0.35653217732582676
0.3565867315961091
0.35663706613693824
0.35664027033514345
0.3567109596005549
0.3567434848122263
0.3567720289282079
0.3567957672762727
0.35691816407664834
0.35691816407664834
0.357062738038614
0.35709035876931683
0.35709562307457676
0.35717155632076925
0.35719752843180275
0.35725899255865423
0.35727790151628
0.3573290297372914
0.35757232250061066
0.35761499951376974
0.35786338325744493
0.3578697772431514
0.3578901874707199
0.3579082670139544
0.35796669826020855
0.3579911147826982
0.3580240464153088
0.35803309086391455
0.35817327222061635
0.3581943391675747
0.35832786809338013
0.35839887373113966
0.3584132377155196
0.35864625069118605
0.35867404460422525
0.3586825770567532
0.35869669370120927
0.35872283426120233
0.35873527257272153
0.35883213569564965
0.3589238324799544
0.3589268712483229
0.35896335305794524
0.35901131424403854
0.35903261380780405
0.35906542288662113
0.3590909434569203
0.3591657382093666
0.3592096372752187
0.3592385575969723
0.35925987411588745
0.35928265869819076
0.359406768100791
0.35941912867095116
0.3595212334499045
0.3595959955167942
0.3596268753060492
0.35963665771026165
0.3596733017429088
0.35973287743519666
0.3597420352051963
0.359853776573711
0.3598574426885519
0.35989925325044303
0.3600494201743244
0.36008653005332625
0.36009582790307426
0.3600960784347562
0.3601390513029905
0.36015760738588654
0.3601891780807569
0.3603384459256801
0.36035843777463705
0.36044197668713873
0.36052121964239847
0.36052121964239847
0.36054060879080596
0.36062418998776224
0.36081787385120256
0.3609292004956144
0.36097404366884667
0.3609852249002403
0.3609852249002403
0.36101823095810404
0.3610183468336803
0.36102776911886814
0.3610384764177279
0.3610384764177279
0.36109690549111084
0.36115716335101977
0.36115716335101977
0.36119596362942774
0.36122156802346506
0.3612448336185665
0.36128662583615245
0.36129783090683687
0.3613277067599292
0.3614217338192266
0.36148446443674076
0.3614860096078417
0.36155290668326356
0.3615567597352862
0.3615595780181827
0.3616489999847745
0.3617186770411255
0.3617896108618801
0.3618205554470333
0.3618601338909492
0.36188381277454373
0.3619465583141277
0.3619806759703257
0.3621255878961457
0.36217523081504877
0.3622022973641126
0.36223084831407315
0.3622579525652456
0.3622717102833112
0.3623697974405464
0.36243963196964657
0.362440806865473
0.36248135482318755
0.3624840499350235
0.3625379576024398
0.3626113115391324
0.3626806995787052
0.3627499668889387
0.3627944113717283
0.3628695439035715
0.3628957149389047
0.36289804366452527
0.3629419772196799
0.36297535965960415
0.3630962726444267
0.363099889521997
0.36315075873363467
0.36320737053204444
0.36328941696265193
0.3633390522608193
0.3633595570466446
0.3633595570466446
0.36342219975807055
0.3634367351705088
0.36345355102385835
0.36345435966889583
0.36345435966889583
0.36345633453185966
0.3635491426763502
0.36359160872028884
0.3635976790091685
0.3636842403918292
0.3638129765358854
0.36388713720718435
0.3639542362852286
0.36408076334490236
0.36412243618982276
0.3641842770983229
0.3641842770983229
0.36422458823576753
0.36422458823576753
0.36424656714110215
0.36425238983508934
0.3643154109700124
0.36440153737377123
0.364604129196335
0.3647261579167982
0.36476620082919
0.36477196337834994
0.36481130700385345
0.3648129367862446
0.3648195215774248
0.36484103355758646
0.3648546706977146
0.36488713989592725
0.3649198785414898
0.365013641968466
0.36501739477716266
0.365077583508286
0.3650841800446232
0.3651462592547763
0.3651968233781755
0.3651989785323685
0.36525461988360797
0.36525461988360797
0.3652689030577183
0.365368236046659
0.3655671000022085
0.36561514439923104
0.36562009915091953
0.36568558684668717
0.36569487269160006
0.36571745966004765
0.3657176907041144
0.3657526489395857
0.36575522471228217
0.3658527176663686
0.3658654868996991
0.365912105091484
0.36594024355780064
0.36595097117086106
0.3660167818833766
0.36604446257541445
0.3660901001086134
0.36611291486777064
0.3661240995479905
0.36616740152047134
0.36625029238716955
0.3662846059218682
0.3665076423753808
0.3665241492342305
0.3665418270877998
0.36665068253546584
0.366715482032985
0.36672447627623206
0.3667602443478426
0.3667765972919905
0.36686017617041955
0.3668666763320739
0.3668801170157051
0.3668830443459753
0.36696278212805333
0.36701802377464965
0.367045319408023
0.36705770080033717
0.36711365135034013
0.36714175137600313
0.3671434573575916
0.36715955927748234
0.36720625487775294
0.36720652647565843
0.36728834371528074
0.3672933342096645
0.3673384823075231
0.3675943202199936
0.3676154898766768
0.3676655897035952
0.3677269345516557
0.3677403272764159
0.3678670094440153
0.36788924919583477
0.3678963024980104
0.367951692000996
0.3679587092895963
0.3679615232889195
0.36800354409916225
0.3680263325270977
0.36803188597141245
0.3680455575011212
0.3680482998351049
0.3681173799308137
0.368143789407155
0.36815937190089465
0.36830164704598756
0.36831492644825026
0.3683619910639
0.36842786468703725
0.3685502760517755
0.3685791660997999
0.3686066818886611
0.36863538587663336
0.368638232828465
0.36870981266088676
0.36870981266088676
0.368826792421469
0.36884114349884367
0.36886402827204856
0.36888150803092246
0.36891451698575617
0.3689651270310701
0.3689839060531961
0.36899864783438685
0.3691017220888698
0.3691289781132333
0.3692347597445308
0.3692896535462237
0.36930666134205115
0.36930666134205115
0.3693172924724656
0.36937324427126816
0.36954468020650355
0.3696030472949541
0.3696698309700063
0.3697149776357661
0.3697714590188521
0.36987534763430263
0.3698881347498717
0.3699065634369616
0.3699407507067236
0.3699533612885897
0.36995618293242793
0.36996653064418705
0.36996653064418705
0.36996930103860226
0.37000130212179716
0.37000991797882143
0.370062797673558
0.3700629155752805
0.37008655351180764
0.37009111879798084
0.37010198276881623
0.3701524631229296
0.3702166502831399
0.37029447166748375
0.37035093144019915
0.37055346349609697
0.3706255075963185
0.37065223467386155
0.37067173217986704
0.3707259055649075
0.3707301364174034
0.3707789978753526
0.3707789978753526
0.37077950590281483
0.37079608341826165
0.37079718290644237
0.3708358877084922
0.3708358877084922
0.370850572571782
0.3708702688578662
0.37088053453021463
0.37091305535254515
0.37094152212134723
0.37097170544177027
0.3709759745388741
0.37099876734829307
0.37103694305536683
0.371052932736305
0.3710569130593864
0.37107523326297476
0.37110921678638265
0.37118822926097084
0.3712471797162429
0.3712569139066346
0.3712771395896718
0.3712804914205562
0.3713019412686531
0.3713895022167395
0.37143742377706
0.3715075912144645
0.37154452100981694
0.37169902403650634
0.37173450597303326
0.37178819162161225
0.3718379345645524
0.3718736096329155
0.37189602130161103
0.372030755223554
0.372091077591973
0.37210010626007817
0.37213210814845765
0.37213477387388627
0.37221200510873653
0.3722133465404762
0.3722694182123233
0.3723706815286517
0.3723834197681388
0.37238471040989496
0.372447835432802
0.37251793870982386
0.37258093449036833
0.37259856887074383
0.37266025932843794
0.3726630064681522
0.3728344446932358
0.3728720230875311
0.3728838853135208
0.37294446974782836
0.3729516352280873
0.3729528597873947
0.37296545755252086
0.3730899041559067
0.3731117235628254
0.3731182851987973
0.37312994820088674
0.3731549420794895
0.3731760947228877
0.37318947627028787
0.3732719756164631
0.37329173033820984
0.37329797163112466
0.37330187461514674
0.37330719062729223
0.37335571768614295
0.3734018772966168
0.37347864816463316
0.37352070284501493
0.37352225910802717
0.3735336565094832
0.3735590417424731
0.3735590417424731
0.37356088345108895
0.37359153776397125
0.3736660357828524
0.3736899942776828
0.373715187861104
0.3737611280741069
0.37376220993752485
0.37378927744239776
0.37386238635749436
0.373951537379982
0.3740010788212693
0.3740897264734069
0.3742036810775353
0.3742198240629051
0.374235163391189
0.37423735033291483
0.37424111500561696
0.37424111500561696
0.3743260831063965
0.3743642450481094
0.37444066803273046
0.37452956114063696
0.37453439368027963
0.3745811411674993
0.37465110397478973
0.3746601105372054
0.37466837227790306
0.3747562467903973
0.3747619257756426
0.37476999252034493
0.37476999252034493
0.37477060220667613
0.3747729553696981
0.3748241189559165
0.37488186461827255
0.3749071896612387
0.37491346156988614
0.3749509043007535
0.3749510430197782
0.3750197917529453
0.37502261377088897
0.37511741247330754
0.37514962817255615
0.37515433181807345
0.3752171630612404
0.3752177663925058
0.37532299334766783
0.3753807966042989
0.37539972390407805
0.37544503248912164
0.3754987990815759
0.3755251565059956
0.37556965878268866
0.37559931971661165
0.37565048783262234
0.37569310842183845
0.3758119457064225
0.37590171089955704
0.37597191767930993
0.37617430427511134
0.3762157797585832
0.3762331331910157
0.3762460045610312
0.37632754715714
0.3763749794506681
0.3764090448988362
0.3764209479637345
0.37642277280422065
0.3764500730113026
0.37647307152354625
0.3764774107527713
0.37650684132371703
0.3765268579340395
0.37661760010643053
0.37666463297589625
0.37669172341118196
0.3766944947377099
0.3766975219508357
0.37670936244476594
0.3767096665693437
0.3767147212348132
0.3767592706633326
0.37676850198418355
0.3768109847044139
0.37684116919920885
0.37684771711937537
0.37684771711937537
0.37698638281830177
0.3770231869130545
0.37706532117440805
0.3772016213844427
0.3772016213844427
0.3772306897758393
0.3772984153695036
0.37731782818559956
0.37733582484849804
0.37750281405514996
0.37755890241313195
0.37755890241313195
0.37755977680000874
0.37766759503438885
0.37777715286710567
0.3777890030752675
0.37782790162225477
0.37786516840527007
0.3779434400433772
0.37798626420578296
0.37802289710011683
0.3780338981482736
0.3780691474441147
0.37808233252719525
0.3781147207305504
0.37820726728126774
0.3782451256437136
0.3782865777403328
0.3782872011283942
0.37833447337879034
0.37833447337879034
0.3784023321183727
0.3784665303432311
0.3785856113580748
0.37863708119939354
0.3786455373826281
0.37871583905374917
0.3787276759654429
0.37874556696901607
0.37874556696901607
0.3787564235949339
0.3787717611081274
0.3787856922470988
0.3788179433426122
0.37883025073012977
0.378834363203868
0.3788801504857646
0.3788890458879691
0.37899762073593923
0.3790407121997772
0.3791199124026221
0.379132818711967
0.37915772131205416
0.37923083930965407
0.3792610810148421
0.3793108551474048
0.3793296169221283
0.379411892907104
0.3794381692394595
0.379444968379824
0.37952303525763964
0.3795295294807628
0.3795375539736304
0.3796065577867931
0.3796455380086726
0.37967530365099167
0.3797031248289917
0.3797192778265269
0.3797332141141757
0.3797355186637801
0.3798384466426912
0.37994777640212896
0.3799485717230159
0.3800227471088632
0.3800947183692951
0.3801263453434469
0.3801844702469863
0.38020115518316333
0.38027205068483005
0.38030415003316254
0.3803360577610615
0.38041673391323483
0.3805497539135472
0.38068175040002483
0.3807204280699298
0.38075042112400814
0.3807556977626254
0.38087912872913
0.3808961441725426
0.3809288034826299
0.3810706740040619
0.3811342382593512
0.3811932023121414
0.38119761446691336
0.3812196286068059
0.3813000257846839
0.38146786261080856
0.3815029889695648
0.3815077693523867
0.38153322269628753
0.3815383898982536
0.3815459852450658
0.3815580216755692
0.3815744656223762
0.381606293802639
0.38162175893842964
0.3816345199590929
0.3816352182296159
0.38164198232028035
0.38164342048045696
0.3816733447175551
0.3816860946749805
0.3817769236082338
0.38181692263147804
0.38187602052755043
0.38193660389805884
0.3819475290589436
0.3820269751038423
0.38207938785731943
0.3821408746742744
0.3821436874432991
0.38225680233421033
0.38230719864862417
0.3824204136332441
0.38245509627846896
0.38245999732890146
0.382603911907053
0.38262294316438095
0.38271789309856685
0.38272526963023
0.382743414333385
0.382743414333385
0.3828122054568577
0.3828778381914357
0.382957378071472
0.3829810550606897
0.3830299202449775
0.38304149680894817
0.38304149680894817
0.38306531472733574
0.3831282836711051
0.3831690948487796
0.38318775712992803
0.383219727077143
0.3832998342753282
0.383377388266009
0.3834121116634437
0.38343480451711554
0.38351206400413873
0.3835290128246712
0.383537416153686
0.3835675821001375
0.38362404487241797
0.3836379014335072
0.3836405027802626
0.38368352216063584
0.38379998710713825
0.38380119742014696
0.383837234920416
0.38393033657849207
0.38393033657849207
0.3839810296897148
0.38402485448516255
0.38404054225414364
0.38410529898467716
0.38412092093854056
0.3841906143971434
0.38421802169264363
0.38423234864250266
0.3842587788446983
0.3842587788446983
0.38427762333938653
0.3843418187191334
0.3843707346196372
0.38437514208473633
0.3843902167847262
0.3844315081771281
0.38444983424577805
0.38445603486299773
0.38447729285857846
0.38447937118220554
0.38467695295418547
0.3846796301013602
0.38469003317850703
0.3848789484567712
0.38488586164790894
0.3848931433441163
0.3849038375079564
0.3849235310314345
0.3849235310314345
0.38492516764231866
0.384936839867547
0.384936839867547
0.3850699190946989
0.38507041157782085
0.38508442888193495
0.385100961083638
0.385100961083638
0.3852107987699158
0.38526946059920153
0.38529981819018455
0.3853373605272026
0.3853777810782064
0.38550575011782307
0.38556793259762123
0.3856127709318844
0.38561538096373116
0.38562740842843835
0.3856328855739257
0.3856697949691069
0.3857168599895904
0.3857342223126329
0.3857507657669732
0.3857639156379462
0.38580138206308257
0.38581065491663746
0.3858895229001209
0.3859041370015319
0.38590637152229323
0.38598745822988445
0.38601598113084057
0.38606485937099944
0.38609548213426736
0.38609548213426736
0.3861609284738522
0.3861733477232191
0.38618068530997296
0.38619477876012165
0.3862081527546142
0.3862445218512185
0.38629171305989995
0.38629171305989995
0.38634650246108104
0.38643154290488724
0.38646531445842935
0.3864894355772226
0.38654027167743443
0.3867025871876334
0.3867025871876334
0.3867604983107944
0.38682116044662185
0.38684450577645535
0.38684701627761087
0.3868750460319068
0.38688261810802915
0.38697758780820335
0.3870924911084602
0.38713350933690516
0.38718167672517323
0.3872073219655481
0.3872515872300373
0.38728756173561374
0.38732129333634135
0.3873523913498229
0.38735410207360477
0.3873561617919413
0.3873575936162287
0.3873771734177194
0.3875487260153536
0.3875966424798325
0.38761615794096405
0.38762830260976666
0.387637349632614
0.38764088075073544
0.387725841221092
0.387764176167674
0.3878610481283373
0.38792051784111936
0.3880106033460373
0.3880470847876154
0.3880805824857696
0.3880874467946336
0.3881251354369204
0.3881378213079504
0.38824738375657253
0.38833720369612523
0.38834312482997224
0.38845118081409646
0.38845118081409646
0.3884889578470462
0.38851191320165857
0.38851992706690097
0.38851992706690097
0.38858024792646906
0.3886234573544822
0.3886414575818373
0.38864152878424774
0.38868439207081384
0.38872562500097607
0.38878689832950264
0.3888320416739889
0.3888949126407326
0.38889992612565594
0.3889078947028184
0.38894759733243756
0.3889505060607251
0.3889505060607251
0.3890880894305303
0.3891347368328051
0.38915665974129776
0.38918114605781007
0.38918114605781007
0.38918462096577633
0.38918993516873757
0.3892136628764016
0.38921370911633457
0.38924242464009484
0.38926457602967146
0.3893255455614676
0.3894009642548779
0.3894690911655183
0.3895412703948349
0.38960652162526266
0.38963129912153427
0.3897161177586286
0.38973880535636185
0.38973880535636185
0.38973880535636185
0.38973880535636185
0.3897912087176516
0.3897912087176516
0.3898131585286533
0.3898620303933802
0.389896877438243
0.38990525737505366
0.38990633495432037
0.38990633495432037
0.3899132783215157
0.389979849452201
0.3900285597090867
0.39004925582603955
0.3901074534169401
0.3901272357223099
0.39020557071981643
0.39021791395388794
0.3902186832073622
0.390340503931796
0.3903419274753912
0.3903864587767476
0.39040081486344747
0.39045469687874235
0.39049318388037657
0.39049435974846136
0.39056423910039917
0.3906290089977553
0.39073476209679214
0.3907438360693458
0.39076414258501746
0.39077774592764025
0.39078757427536237
0.39079967005255134
0.39080511376981175
0.39082505007841306
0.3909206773485099
0.3909206773485099
0.390936849524266
0.39105608722896346
0.3910744210536058
0.3911174968102973
0.391189798888425
0.39119551308651146
0.39126951063362814
0.39130367193141025
0.39142399392594673
0.3914318725614938
0.3914328273130625
0.3915114664389725
0.39161228735668696
0.39163004278284674
0.3916546948794368
0.3916719914504766
0.39167856292014847
0.3917756025967203
0.3918070967272387
0.3918086451748367
0.3918231782105239
0.3918296040850304
0.39190017764186114
0.3919451902010854
0.39197372484481907
0.3921820574793602
0.3922417601639151
0.3922561969429612
0.3923228122657276
0.3923751584689489
0.39241583074679076
0.3924194487673376
0.392448989928602
0.39246495749847665
0.392467543135794
0.39256730171633947
0.39258486718745544
0.39260171682917366
0.3926589665548603
0.3927496630749364
0.3927496630749364
0.39277331539246774
0.39283844957706426
0.39286804281632404
0.3928834264523322
0.3929122587241085
0.3931017848212651
0.3931141376660179
0.39311835726121536
0.3931197010683679
0.3931787808157845
0.39318566817029255
0.39324823136397846
0.39329325408759686
0.3933502303064398
0.39340596068184497
0.39344316685876635
0.3934854594256948
0.3935131506773262
0.3935252912815681
0.3935704838403058
0.3935779889160107
0.39359560829221474
0.3936026318135454
0.393625356431891
0.39371274026885894
0.3937618327640535
0.3937618327640535
0.3937618327640535
0.39378112088906214
0.39380333494682385
0.39387417769509503
0.39397430244583487
0.39409170741359056
0.39411034082184226
0.3941106074930185
0.3941201369949109
0.39416150513424875
0.39416150513424875
0.3941804858542688
0.3941835512805787
0.394295790437853
0.39432396309084683
0.3944141994321896
0.39458591758930905
0.39460439607633024
0.3946165663078096
0.39468246533576434
0.39472811228005367
0.3947450922305833
0.3947587531311001
0.3947814972705007
0.394813349877847
0.3948240187123281
0.39485477270287295
0.394864378064969
0.3949693834572865
0.39498525276355345
0.3950038130439928
0.3950038130439928
0.3950098021475792
0.39513298494594784
0.39516757059658825
0.39516757059658825
0.395207350243694
0.3952256209445759
0.39523132061144906
0.39523266773076626
0.39524972351205
0.39526118668950394
0.39528088185655563
0.3953445647974705
0.3953800728455331
0.3953812082040462
0.39540742725403155
0.39541286444843804
0.39549461633088845
0.3956038626553261
0.3956068480899766
0.3956493593937791
0.39571619664234103
0.3957772330985314
0.3957933423865363
0.39585927498235285
0.39585962450695855
0.3958767507354737
0.3958869550519609
0.39592046640587264
0.3959398570711816
0.3960401625457599
0.39604495905504744
0.3962003276162689
0.3962003276162689
0.39620249703444266
0.396235718401436
0.39625665131785237
0.39627087417542484
0.39630988260887134
0.3963598181493956
0.3964267440285407
0.39643781282818646
0.3964492677918431
0.3965269748117748
0.3965502758824966
0.39655811965084653
0.3965738944837429
0.3965896746958144
0.3966393371766266
0.3966411044926379
0.3966764763910414
0.39671468928138987
0.3967944839082096
0.3967944839082096
0.39686959610225914
0.3969751428833146
0.3970287386737794
0.3970321186979352
0.39706774471046713
0.3970810100810145
0.3970825921760932
0.39720973143515126
0.3972377461993569
0.3972423548415591
0.3973093177320588
0.3973147980269547
0.39732694726547235
0.397408336035446
0.39742852294655007
0.3974475884792159
0.39746114990894266
0.397480567624966
0.3975332285287305
0.39763508781463275
0.39763611354526307
0.39766719149164786
0.39771154826445565
0.3977806430211851
0.3978360874711663
0.3978450147433056
0.3978776700246909
0.3979062795158632
0.3979062795158632
0.3979497211586317
0.39795817174738324
0.39795817174738324
0.39799653768674526
0.398013596463083
0.39802404660320345
0.3980278985668132
0.39804850544129433
0.3980826218885477
0.3981135634780031
0.3981517026040253
0.39819314637719316
0.3982402307709789
0.3982458798051959
0.398318885441735
0.3984272418143415
0.39845090362273605
0.3985023303612707
0.3985135067814387
0.3985158328135814
0.3985183938231204
0.3985387454329028
0.3985818077857597
0.39859807623679466
0.39859807623679466
0.3986215286589463
0.39863587320442906
0.3986506873161577
0.3986563144941361
0.3987059713040795
0.3987305493607085
0.39875360724037945
0.39879961890480753
0.3988118512879042
0.3988227478495927
0.3988644587312684
0.39887713415129133
0.39888927325516577
0.3990769217063387
0.3990946946099372
0.39913869669728397
0.39915402775652453
0.39917059021251766
0.39917059021251766
0.39926791951881657
0.3993656031718589
0.39936961476953736
0.39937148702757663
0.39944794448363163
0.3995021766666895
0.3995977864743664
0.3996246163609065
0.3997615404003244
0.39977260178674634
0.3998194695715078
0.3998959718115417
0.3999496885041106
0.400001435374151
0.40001884446976776
0.40001884446976776
0.4000468085214516
0.4000655099655702
0.4000655099655702
0.4000694852491724
0.4001387244268282
0.4001612169469153
0.4002058845971028
0.4002123654084877
0.40039006869887106
0.40040524211042317
0.40041969671657296
0.40060813241983084
0.4006475713177674
0.40066039768682116
0.40066669790348364
0.40068996657695477
0.4007099944521747
0.4007234648604344
0.4007477463308806
0.40075115489652546
0.40078691543878064
0.40081183369974704
0.4008880043696267
0.4008970430246307
0.40090706354380146
0.40090706354380146
0.40107719264635067
0.40111670317842574
0.4011649435312479
0.4012273758629208
0.40124955712455024
0.40130499723443935
0.40134157266909865
0.40135553491470954
0.40135740337406656
0.40136086220130407
0.4013721858295749
0.40143423285919
0.4014614409092443
0.401488785987691
0.4014948943191725
0.40155157045723855
0.40157942051535744
0.4015840726530575
0.4016069279036325
0.4017243647490504
0.4017297353391469
0.40173505059664016
0.4017429941199746
0.4017528861493489
0.4017766422168405
0.40182012700032343
0.401866176555691
0.40191601312583947
0.401945116387028
0.40200801380929274
0.40200882486124667
0.4020399632965733
0.40205268839275854
0.4020553032525592
0.4020758639527978
0.402080995018562
0.40212290789028615
0.4021811149098421
0.4021811149098421
0.4023212873198857
0.4023212873198857
0.4023212873198857
0.4023674605866506
0.4023674605866506
0.40246002972756645
0.4024847865005289
0.40251849802381645
0.40261251621489746
0.40261945040569813
0.40263561059917075
0.4026449368811549
0.4027276438870864
0.4028468660384257
0.4028531888639344
0.40288958999916724
0.40289914439790664
0.4029437381195837
0.40301859344906754
0.4030477425612734
0.4030477425612734
0.40305472568413936
0.4031073464375332
0.4031328610579126
0.4031525540387846
0.40330959036408176
0.4033147778575329
0.4033496040538518
0.40336066066769327
0.40337709336485705
0.4034411650407206
0.403519535017439
0.4035220954749368
0.40354975548896677
0.4035563038288672
0.4036522651571084
0.40376955566372164
0.403822567586281
0.40382631118203083
0.40385261059070665
0.40389878424444026
0.4039399303165181
0.40408921801567765
0.4041295291241931
0.40413179396008103
0.40417141905809617
0.4041754097888639
0.40421340102717584
0.4042492401433353
0.4042755844259449
0.4042841202112253
0.4043689906617425
0.4044392694424167
0.4044524267021422
0.4044825321276142
0.4044989980167837
0.40451966809745965
0.40454968089036525
0.4045630987695441
0.40458834075326244
0.4046003332840955
0.40465140377777664
0.4046728035279221
0.40471316735508056
0.4047389062734057
0.4047389062734057
0.4048145937926737
0.4048832121821313
0.4049071829816392
0.4049281624333769
0.40495376876471245
0.40503441204984836
0.40503441204984836
0.40503441204984836
0.40503482155624093
0.40508872562297327
0.4050956730678711
0.4051078121460785
0.4051331919336816
0.4051355076683596
0.40516386314080677
0.40522467401680573
0.40527559033962157
0.40530341794538194
0.4053391871095888
0.4053613323916119
0.4053747401230069
0.40541022160488827
0.4054297617927912
0.40544962120818817
0.40545056527711554
0.40551085729290437
0.4055262064346077
0.4055444569485297
0.4055743045310467
0.4055897449590151
0.40562607410247087
0.4056444773933334
0.4056947902130401
0.4057184367696951
0.4057270313046035
0.4057882950352292
0.40579399300985086
0.40589637031675696
0.40595855344385234
0.40595855344385234
0.4059882687846589
0.4060229503216012
0.4060649612793883
0.40612474203301785
0.4061469121498782
0.4061469121498782
0.4061469121498782
0.4061469121498782
0.4061550787958961
0.4061550787958961
0.4061672510456492
0.40622951200352253
0.4062679249789183
0.40631488044193886
0.4063569759410046
0.4063569759410046
0.40638517954457554
0.4063988106507017
0.4065037811160789
0.4065374898715901
0.4065756728889254
0.40660225082405566
0.40672788946029736
0.406729220774245
0.40681878598892873
0.4068548100618662
0.4069954933161364
0.4070136801727733
0.40708610248543153
0.4070956555013795
0.4071986983435998
0.4072627734466596
0.4073015506789035
0.40730857443280133
0.40732028220360417
0.40737347669574897
0.40737647940941013
0.4073917973757747
0.4074244080206215
0.4074244080206215
0.40748834368181863
0.40749607791089515
0.40751872200033024
0.40752643517852816
0.4075503855198913
0.40761044237439115
0.407613416160868
0.40762433102965323
0.4076727577729855
0.40770121113477353
0.40773070374066744
0.4077896074168562
0.4077988998632378
0.4078059427833922
0.4078318930996362
0.407851862142561
0.4078610100671939
0.4079137061688265
0.4079142852892238
0.4079533705654772
0.40800778501232704
0.40800778501232704
0.4080959322800092
0.4081392999536403
0.40826625168165653
0.4083384262033809
0.408361057067106
0.40838197393993614
0.4083826306056826
0.4084188003739472
0.40842570175706816
0.4084389496048997
0.4084449901457683
0.40850171392506585
0.4085572003301099
0.40868102842205956
0.4087185227660901
0.4087421937005161
0.4087468637281294
0.4087630034991371
0.40883298369034615
0.40884552555130516
0.40884755002618045
0.4088764391453138
0.4088764391453138
0.4089627620403693
0.40898135625601584
0.40906317218188304
0.4090788549358122
0.4090790829514208
0.4090863898406695
0.4091231481567408
0.4091677735613479
0.40921705426220134
0.4092368222157803
0.4092949783952301
0.4092996530530115
0.40930816923905566
0.40930816923905566
0.4093506547662169
0.40939418295335517
0.4094550628514496
0.40954445127255945
0.40954958530151875
0.40956018795258264
0.40957385760599163
0.4096014587229383
0.4096033146398448
0.4096483426001095
0.40966314447039376
0.40970251245522493
0.40975435629739776
0.40976967535520625
0.40980899022323813
0.40983131135560136
0.4098370159855528
0.4098498211409365
0.40990241610359357
0.40993658309217207
0.4099601131731301
0.41000396258890026
0.41006921329852264
0.41010547336136693
0.4101179862794432
0.4101569755466584
0.41016538662465574
0.41016991865615915
0.4101988118347655
0.41022976018623325
0.4103162638034429
0.41033309776078697
0.4103378704463183
0.41043112281673777
0.4104390747485802
0.4104403229490472
0.41046120752525805
0.41048879681973394
0.41054667126125444
0.41056736315731246
0.4105686158396771
0.4106084264130624
0.4106191749852319
0.4106394164434721
0.41064216240966467
0.4106565007021743
0.41070848887116873
0.4107291060620275
0.4107690895946172
0.41079252007712175
0.41082501588653864
0.4108413507502109
0.4108774218903841
0.4109735325202116
0.41100151502918747
0.4112084028139261
0.41129121137566793
0.41136985368750856
0.41138857191854106
0.41139233882107884
0.4114394906588239
0.4115051928685569
0.4115191988918818
0.41156507786318963
0.4116004036433615
0.41161887916296847
0.4116410078527344
0.41177716723119895
0.4117830669604513
0.4118222436738902
0.411855919282367
0.41188486881915876
0.4119088113567191
0.4119088113567191
0.41194154881382994
0.4119643925820864
0.4119942805244151
0.4119945098518487
0.4120125845782735
0.4120326708133938
0.4120602629546062
0.41210947539654663
0.41213632938692324
0.4121592654218599
0.4121851439460943
0.4122159766090441
0.4122527771295281
0.41227035618436614
0.41227035618436614
0.41236355979867056
0.412407194867352
0.412407194867352
0.4124314725452183
0.41245670014662505
0.4125102226910322
0.4125657901745826
0.4126097436358841
0.4126440474113332
0.4126515798371576
0.41272004486922353
0.41275230817157293
0.4127787486186659
0.41278664303274804
0.41278664303274804
0.4128351543823743
0.4128491690682321
0.41290204835587696
0.4129536115006953
0.41299322519442305
0.41299322519442305
0.41299416829389335
0.41299684968982264
0.41306372300247296
0.4130686333110021
0.4130686333110021
0.41307307712841546
0.41308540362482427
0.413094694426013
0.4131030515045173
0.4131546443408378
0.41315906174506034
0.41317997653034977
0.4132017507218805
0.4132073293638656
0.4132202449872382
0.4132506525022426
0.4132777004102697
0.4133128341930222
0.4133191322272822
0.4133410404365433
0.4133501825846029
0.4134270060995293
0.41346947595368644
0.4135058763694063
0.4135224969800485
0.4135560535372038
0.41362293539431905
0.4136392958760826
0.4136764875913518
0.4137635137340675
0.4137904791738467
0.4137926488253403
0.41379996930396357
0.4138022940280006
0.4138107651434584
0.4138351714300834
0.41386232457449035
0.41390676406219185
0.4139944112334504
0.41399945278801065
0.41400579882087074
0.41414341323972836
0.41430959677226664
0.4143151573488577
0.41433617733855876
0.41441321016039867
0.41441462839767085
0.41441462839767085
0.414524617197513
0.4145458584330475
0.4145458584330475
0.41455946018657586
0.4145879014373176
0.41468255334479376
0.4147096462803702
0.4147352430501372
0.4147953625958447
0.4148308483472878
0.4148493551787289
0.41486921450020875
0.4148755669536458
0.4149031036842783
0.414921826437201
0.414950408464538
0.415000255357566
0.4150051363626639
0.4151558582017544
0.4151580517920386
0.4151580517920386
0.41522137301785667
0.41530088491481754
0.41530137587302907
0.4153076738631719
0.4153396305608149
0.41537220496238136
0.4155714518064031
0.4155714518064031
0.4155714518064031
0.4155840016059167
0.41559049150418004
0.4156083713565282
0.41561598354314366
0.4156523460126663
0.4157004903448258
0.41572339144551707
0.4157675800585604
0.4158366254922796
0.41584598907979786
0.41585998351073883
0.4159010318039854
0.4159207711616254
0.4159374170620135
0.41597132442729845
0.41598458036327635
0.41602020315529364
0.4160771365552016
0.4161096902098831
0.41613179839838954
0.4162612415825292
0.41626394648513565
0.41627734230840074
0.4162789793032583
0.41629094843950787
0.4163344027174918
0.4163486804711951
0.4164333636930069
0.416450545012085
0.4164527581614377
0.41645588365597197
0.4164758096797653
0.4164812524094039
0.41652214862842984
0.41656627788584655
0.4166046608848022
0.4166046608848022
0.4166401427001247
0.4166449386850527
0.41666925712810066
0.4166919860833813
0.4167027121180005
0.4167050246936964
0.4167200923440788
0.41675799935816604
0.4167832238799145
0.41682510069946854
0.4168277236928196
0.41685426375125023
0.4168797758922246
0.4168995006038704
0.41692614193690647
0.4169280300479177
0.4169359898655318
0.4169560954987146
0.4169596638766371
0.4170169921181336
0.41706658494043336
0.4171099091439777
0.41714729656087945
0.41718790703570185
0.41718790703570185
0.41719198736773955
0.41719256944988037
0.41721534891266054
0.4172714300519953
0.41727634295583105
0.4173052069979276
0.41733245125547214
0.41735699523828584
0.4173734006670107
0.4173793131246981
0.41738807479394924
0.41738807479394924
0.417512613538791
0.4175739581981053
0.4175821167398164
0.4175930966973953
0.41760652945132004
0.4176524564106183
0.41767812366781376
0.41771789621847566
0.41777491463950867
0.4177904505580552
0.41779314390470357
0.41783303159695095
0.41788001633138383
0.41790222352299355
0.417915354633158
0.4179160888347959
0.41795572192166586
0.4179937112516048
0.41808466165380553
0.41815679799620353
0.4182315796820122
0.41826648718226045
0.41831924383574337
0.4184509299297151
0.4185331001488254
0.41861323656050686
0.4186666602741803
0.4187107227819795
0.4187968201418729
0.41880997730868974
0.4190095975542367
0.419038645769801
0.4190479097240395
0.41908948355452125
0.4191285839249874
0.4191678917875665
0.41918798294556114
0.4192152916448919
0.4192236463514003
0.4192260797874764
0.4192378482493109
0.41923987310680544
0.4192543978899059
0.41928347706635627
0.4192855084375944
0.4193064295071687
0.41931812363358967
0.41932608795581405
0.4193655877030824
0.419379100202836
0.41941224090048324
0.41941224090048324
0.4194383808778466
0.4194383808778466
0.41945613240189195
0.4194647682580712
0.4195338358588738
0.4195381931146833
0.41955143034969056
0.4195628568357248
0.4195686092766244
0.4195942161594811
0.4196108349089238
0.41962500623282395
0.4196328378398846
0.41963871856413015
0.4196400886039917
0.4196744963306007
0.4196880548689108
0.419772133180218
0.4197751412972792
0.4197958598681728
0.41981763812590134
0.4198855951109113
0.419890304717356
0.4198914045409661
0.4199178604323235
0.4199269497740512
0.4200544809517296
0.4200544809517296
0.4200592640649674
0.4200592640649674
0.42014491211934324
0.4202005656162202
0.4202173833986753
0.42023364543440733
0.42034112914328636
0.42046429022800313
0.4204788512851817
0.4205001548181908
0.4205184330535834
0.42052588311739436
0.42054818446838405
0.4205607850143591
0.42063042411596907
0.4206950200541896
0.4207138391205699
0.4207170386215099
0.4207632843821256
0.42079624801982074
0.42085228274640685
0.42088751640089084
0.42094996715390554
0.4209784603892144
0.4210219014657909
0.42113589669835205
0.42113589669835205
0.42119062411887487
0.42123035300776024
0.42123035300776024
0.42123035300776024
0.4212591102288068
0.4213516976040417
0.42141500732147175
0.42141500732147175
0.42143862050704173
0.4214455225889142
0.4214518125488287
0.4214526668959806
0.42147143094697614
0.42150156706242936
0.42153026568300944
0.4215677087933911
0.42158194166645924
0.42158194166645924
0.42158773279774275
0.42161723166531395
0.4216341477814788
0.4217138346178513
0.4217200391104987
0.4217549528343125
0.42175961381691685
0.42175961381691685
0.4217883413506156
0.42181843828008114
0.42181843828008114
0.42184681818791836
0.42187545993188735
0.42188761430785315
0.4219022196234029
0.4219022196234029
0.42191442056436657
0.4219218389428432
0.42199281071861716
0.42202298143179806
0.4220486276210138
0.4220944392594338
0.42209621990752455
0.4221113827000693
0.4221185023825037
0.4221185023825037
0.42213693496438087
0.4221765942162099
0.42218164250414114
0.4222465005838273
0.42228693137886997
0.4223086613140432
0.4223184722221004
0.422350188234508
0.422350188234508
0.42235537449417326
0.4224121494490587
0.42241910469364774
0.4224226623173115
0.4224715164200257
0.4224736233759526
0.42250827853109785
0.422589621293316
0.4226315638758049
0.4226678627514412
0.4226791116119635
0.4227451841416575
0.42275323211460836
0.4227657291523168
0.4227722732111978
0.4227780780766177
0.4228050955089828
0.42284000614941397
0.4228554761722586
0.42290361958157796
0.4229737025923024
0.4229878545436453
0.4229980602538348
0.4229980602538348
0.42299808883884793
0.4230253768497645
0.4230287296250901
0.42309358586722956
0.42311051902252883
0.4231320785561805
0.42315650658142623
0.42315650658142623
0.42315978583965186
0.42316884326286686
0.42316884326286686
0.4231860378956259
0.42322622777692565
0.42326168450906587
0.42330665769638065
0.4233082232093355
0.42331925084738964
0.42340175110081957
0.42347400472709196
0.42347430112618945
0.423513169313658
0.42352180657260985
0.42356605141383197
0.42357900844876495
0.4236195979797621
0.4236912983330611
0.42369485551004626
0.4237074088556716
0.4237074088556716
0.4237096312092652
0.42372228943421386
0.42373602817342215
0.4237556220582914
0.4237719046996613
0.42382248993992977
0.423866595573024
0.4239213321567479
0.42392969860111474
0.4239510918433178
0.4240630679680166
0.42410210435793017
0.4241275585432456
0.42413190247739274
0.42413190247739274
0.4241366899704826
0.42414749044507083
0.42417828695447635
0.4241930368657396
0.42419865980501914
0.42426814104722665
0.42428420165510417
0.4243320952639249
0.4243626714038249
0.4244206480354522
0.42442197275558347
0.42443446887008873
0.4244803115991036
0.4245005623734841
0.42454363253815486
0.42455662832180563
0.4245656795895105
0.42461291805016477
0.4246402425842506
0.4246788479178272
0.4246788479178272
0.4246788479178272
0.4246788479178272
0.42469086309926063
0.4247045322380598
0.42473551664465437
0.42473551664465437
0.42490205694822314
0.42492382217848157
0.4249346742995743
0.42497082208330095
0.4249819351683769
0.4250604688241344
0.4250989010885091
0.4251241358654938
0.4251633662658638
0.4252446094565796
0.4252575232557677
0.425266519668285
0.42535074957867414
0.42535832127406514
0.4253611367219451
0.42545166848022953
0.42545696405252753
0.42548880735032335
0.42549174271506396
0.42551930018099926
0.4255228891566909
0.4255538608431584
0.42556184541732545
0.4256373101081794
0.4256453933066011
0.42565016877316497
0.4256522385262622
0.425685124974863
0.4257178489166261
0.42575850948128446
0.4257774690532191
0.4257829098750878
0.4258059207765512
0.42586012593142275
0.42589534874436086
0.42593534539963085
0.4260341702115863
0.4260341702115863
0.4260341702115863
0.4260588577337666
0.42606020835217495
0.4260701638853941
0.4262301945880692
0.4262534350299704
0.42633809106395304
0.426338999754845
0.42640532816829235
0.42644248312412725
0.42645348106120096
0.42645348106120096
0.426463710314831
0.42660516574849094
0.4266064426385874
0.42661444124310677
0.42665324716636743
0.4266744388564617
0.426694850429838
0.42669642752048265
0.42670346079855725
0.42675763519339094
0.42675871494465256
0.4267971163130302
0.4267999416158691
0.42681026461530824
0.42683080271578744
0.42684348628532165
0.42685806707281726
0.42688978369566355
0.4269995905889291
0.4270237896778084
0.4270456913327032
0.4270519136691988
0.427119065457495
0.4271511997755353
0.42717357440727044
0.42721036954552927
0.42721308974568295
0.42724591321825844
0.4272521795643176
0.42729954846868257
0.427375895217987
0.427381928826315
0.427450099695186
0.4275644667869316
0.4275892569527815
0.4276108137184508
0.4276419246853065
0.4276646848524208
0.4276850241556249
0.42773133211299585
0.4277525401571499
0.42775344182746733
0.42776169619516735
0.42785391482748647
0.42785728983982096
0.4278793241168928
0.4278931488251807
0.4279300445774804
0.42802410227175125
0.42802702261650427
0.4280343317524984
0.42803962924597694
0.428045556946381
0.4280662683483287
0.42807051993820167
0.42808031672047564
0.42808031672047564
0.42808031672047564
0.42808031672047564
0.4280865507871259
0.4281504416524162
0.42819848067150335
0.42820130756210917
0.4282035351605078
0.4282035351605078
0.4282035351605078
0.42821055199876146
0.42829037310695917
0.4283015564522097
0.4283015564522097
0.4283044594219494
0.4283046300581429
0.4283051153179651
0.42830563499892915
0.428421790785518
0.42843584840060633
0.428445373274834
0.42850882673885793
0.4285176836490814
0.42860417597815337
0.42861115439727615
0.4286227642535513
0.4286700786512637
0.42873071519198946
0.4288505392731582
0.42889851212684316
0.4289142424004757
0.42891923764583084
0.4289497704296743
0.4289714474560671
0.4290153980736775
0.42903058795553284
0.4290333842577275
0.42903614258734657
0.4291107537595731
0.4291124231165431
0.42911727315573667
0.4291202694235541
0.42912443508724896
0.4291837016494223
0.42919511743998173
0.4292109795248965
0.4292109795248965
0.4292109795248965
0.4292179634437411
0.4292442595605015
0.4292797132725906
0.4292897420220678
0.42929706355259856
0.4293416296726399
0.42940198638804006
0.4294259790902817
0.4294307364907195
0.429450351654034
0.4294757026610341
0.4294757026610341
0.4295256626172943
0.42954525429146606
0.4295645267157364
0.4296750523960886
0.4297102300833917
0.429744209626979
0.42974835935657607
0.42975002939566465
0.4297798634803831
0.42980398160100075
0.429808114948928
0.429808114948928
0.429808114948928
0.429808114948928
0.42985783734310967
0.42988953447414957
0.42994501592385614
0.4299502683226579
0.4300183520277725
0.430089560578913
0.43011069408946057
0.43019428354180667
0.43019428354180667
0.43019428354180667
0.43019953968629476
0.4302398421964422
0.43024592414203
0.43028241542927237
0.43029545392428903
0.430299141682534
0.43031064671990593
0.43032457695963267
0.43034735273328995
0.43034735273328995
0.43034735273328995
0.430418905284216
0.4304260540453624
0.43044955205244073
0.4305154674242566
0.4305194200770692
0.4305908916990625
0.43065303691699564
0.4306809847112659
0.43070397065785393
0.43070397065785393
0.43070397065785393
0.43070397065785393
0.43070397065785393
0.43071297185302493
0.4307162048976094
0.43074289445133884
0.43077505803161587
0.43087567476199695
0.43089855895393425
0.43090509264197197
0.43091790919334505
0.4309445015978459
0.4309552789737844
0.431061696871742
0.4311425310294078
0.4311621858630611
0.4311621858630611
0.4312143688532416
0.4312143688532416
0.4312143688532416
0.43132383704707666
0.4313686335477589
0.4314113242716864
0.4316659722650835
0.4316827122289464
0.43171996690702763
0.4317239768905088
0.43174068522628617
0.4317618599262787
0.4317650896446166
0.43176758429952167
0.43178087336143944
0.4318297322486988
0.43184074770655634
0.4319030061645601
0.431915155801455
0.4319584650169612
0.4319906482448981
0.4319947589738763
0.4319947589738763
0.4319987638189472
0.4320107716087326
0.4320107716087326
0.43201669327807424
0.43206338724479276
0.4321259523036013
0.43215414756561155
0.4321566113107108
0.4321625014816626
0.43217249437019145
0.4321744710315135
0.43217796492369476
0.4321848191745461
0.43222616689602655
0.43222616689602655
0.4323097418707078
0.432318881633756
0.43244800693030383
0.43245215954857485
0.43250563094195194
0.43250563094195194
0.43252551080157264
0.43253121254447136
0.4326713582094024
0.4326764198717028
0.43272766771784366
0.4327825732335273
0.43278462544304486
0.4327984666798066
0.4328389209124759
0.4329154624502327
0.43293211307489265
0.4329954478225172
0.43303711579742954
0.433038358477698
0.4330402597417019
0.4330641098869492
0.43312048658438385
0.43312048658438385
0.43320303027888984
0.4333524426278308
0.4333585005014625
0.4334294750772487
0.4334300017508099
0.4334550050170902
0.4334760271318022
0.4334760271318022
0.4334760271318022
0.4334760271318022
0.4334793753350372
0.43348338895270344
0.43351757295157733
0.4335296739881245
0.43353884948467647
0.4335405313428343
0.43354486185801644
0.43367892767379845
0.43367949009982953
0.43377688428526096
0.43377688428526096
0.4338383044204712
0.4338594376100988
0.4338649479249892
0.43388557571359965
0.43389025973565165
0.4339257845215796
0.4339455940656215
0.43398173225453074
0.4340011802001399
0.43406808304178424
0.43413758052668894
0.4341584109639035
0.43423112301372724
0.4342364765995175
0.43428970954909873
0.4342903735991275
0.43429384587565134
0.43429876470505535
0.4343672831947978
0.43437235543062935
0.43437525432782786
0.4344307312496082
0.43444054126456144
0.43446638044379826
0.43451335620373466
0.4345298119312502
0.4345298119312502
0.4345647762091813
0.43459751155065984
0.4346046199871175
0.4346089703600866
0.434649582950032
0.4346504674982149
0.43467215668629056
0.43467215668629056
0.43469441951184185
0.43470053855944335
0.4347224432961794
0.4347756476854133
0.4348146524844342
0.43486057282630386
0.43488302727932937
0.43494162053737573
0.43495215354922656
0.43497009493551997
0.43497009493551997
0.43498046800284773
0.4349848420571184
0.43502228682891286
0.4350398229501977
0.43505549903531604
0.43507484393037665
0.4351165090503075
0.43515219154920537
0.43518718402125645
0.43518759254077954
0.43521455253417596
0.43523466281454115
0.43528326479485957
0.43532424857488194
0.43536842697500333
0.43538897040811975
0.43542183206618046
0.43544314029412634
0.4354722742484809
0.4354997283494487
0.4355575264642444
0.43557930212097984
0.4356694769680407
0.4356694769680407
0.4356964222181634
0.4357444894347642
0.43581576289089674
0.43584637079796074
0.43589480742955833
0.4359190749768286
0.43599026958566967
0.4360108881600865
0.43610944505054605
0.43611151705393014
0.43611151705393014
0.4361379391713821
0.4361525846242169
0.43617138865230576
0.4361850907707947
0.43619460775391095
0.4361997532421351
0.4362039039836465
0.4362642577668455
0.4362674720035826
0.4362757527540947
0.4363058458550756
0.43638116369473257
0.4363998633790531
0.4364052015180593
0.4364052015180593
0.4364113022059246
0.4364419535602939
0.43649991325324256
0.43652489998287514
0.4365806246767785
0.4366493815052085
0.43664952321548944
0.43666069906492666
0.43666069906492666
0.4366908994648263
0.43670548215472393
0.43670548215472393
0.4367343546118714
0.43677947246596416
0.4367847942074733
0.43684759560111297
0.4368564178041804
0.4368952520993773
0.43697475671092456
0.4369764358125314
0.437007264190719
0.4370256123296232
0.4370484035290999
0.4371101530557734
0.4371361119218242
0.4371367150595762
0.4371375219683191
0.4373459723989972
0.4373544124398583
0.43735565687477274
0.4374147998318916
0.4374657222951419
0.4374718567264728
0.4374821163675007
0.4375143703306311
0.43752643133658076
0.43756190031969733
0.4375635912680217
0.43757537581144734
0.43757673003789455
0.43759481622775775
0.43761081479695496
0.437679753817374
0.43771403747127635
0.43771525278649026
0.4377562155696282
0.43776285166720197
0.437834175929949
0.43785138025408976
0.4378579199671607
0.4378782145064489
0.43793441359037055
0.43797312495615603
0.4379801286613174
0.437980230241809
0.43803604188057976
0.4380862045148317
0.43816724291370335
0.4382148117403398
0.4382300194400256
0.4382418421371851
0.4382429200193281
0.43825013551659664
0.438264722369352
0.43827131457698654
0.4382759391927554
0.43828091623372933
0.43828932097071016
0.43828932097071016
0.43828932097071016
0.4383090308965767
0.4383352916315202
0.43833550946097244
0.43835747304770556
0.43835747304770556
0.43835747304770556
0.43836527139626935
0.4383871826251925
0.43852113509726354
0.43853217999355454
0.4385357261825711
0.4385487899548288
0.43868161869613687
0.4387499068540267
0.43879412017531405
0.4388002090439519
0.4388278846494118
0.4389368664937864
0.4389398070762702
0.43898256981798356
0.43898447801249596
0.4389988732499194
0.4389988732499194
0.4390329004056077
0.43903738969441597
0.439058154497147
0.43909613584296814
0.43909663514454267
0.43914261813231337
0.4392170124423942
0.43922734077143
0.43924480650965037
0.4392497635431116
0.4392529513038175
0.4392600132157062
0.43928608736761776
0.43930495527909885
0.43935362762674934
0.43935362762674934
0.4393780448278466
0.4393898696498685
0.439403130700879
0.43945582930106
0.43945582930106
0.4395446631523914
0.4396020062799737
0.4396020062799737
0.4396050129833582
0.43960852001926853
0.43960932965039135
0.43962305342916463
0.43962926415041315
0.4396631957325492
0.43966590484978785
0.4396882638159213
0.4396882638159213
0.4397061734266663
0.43973507677209
0.4397570897257328
0.43977235675739046
0.4397753409384614
0.4398119143179958
0.43981911628933534
0.43981911628933534
0.43986292068345756
0.4398809041008347
0.4399165255301931
0.4399484198236844
0.43998784733252183
0.4400098307058675
0.4400098307058675
0.4400257676101327
0.4400626644096314
0.44007060252149055
0.44010480231490656
0.44015816444764655
0.44016305238191555
0.44016305238191555
0.4401675666223013
0.44018533657016545
0.4401905934074385
0.44019128541559327
0.44021181279238997
0.4402123845556687
0.44023540472475164
0.4404018164507526
0.44046401678886293
0.44051166759559546
0.44053225440338317
0.44053225440338317
0.44056831406331487
0.4405698228677435
0.4405698228677435
0.44060339048171593
0.44060339048171593
0.4406210474934611
0.44066159218480716
0.44069236380698107
0.440700633994379
0.44070941232096916
0.44073043668862055
0.4407951596927401
0.4407995437201959
0.44087053798112197
0.44089151965070394
0.44090559667617624
0.4409333903980086
0.44094759823973984
0.44102723491537177
0.4410450689686134
0.441062847846289
0.4410838322093277
0.4410838322093277
0.4412085956421241
0.4412455109026374
0.4412791820464341
0.4412791820464341
0.4413116986306733
0.4413116986306733
0.4413439980682956
0.44137678888373544
0.4414628643221541
0.4414644901632343
0.441470081441522
0.44151476197805595
0.441644874856048
0.4417113725613372
0.441715018977052
0.44172235155501083
0.4417731421163176
0.4417785076854379
0.44182966279516545
0.4418514429420901
0.44185821350369303
0.44185844320409173
0.44192487822468196
0.4420144617207744
0.44210341011356946
0.44213673732913916
0.4421833231594995
0.4422057368558818
0.4422062836071057
0.44221921629548444
0.44227209030068515
0.44229877929023076
0.44229877929023076
0.44230070658619647
0.4423598473957189
0.4423612644100261
0.4423629431269509
0.4423629431269509
0.4424149549024723
0.4424149549024723
0.4424149549024723
0.4424625195544083
0.44246719598100204
0.4424786818898392
0.44250683063067753
0.44250737826849207
0.44256588775471173
0.44256588775471173
0.44256588775471173
0.4425793842449479
0.4425823164339139
0.442594761427184
0.4426104870440699
0.442689208961905
0.4427346226647555
0.4427768718276801
0.44281480456387423
0.4428844403735559
0.4428865998565792
0.44295018042044165
0.44295495213255165
0.443052137953301
0.4430763161033163
0.44309178836541185
0.4430936630933293
0.4431155504430211
0.44319470332890853
0.44322238847180073
0.4432652988586201
0.44330682407634636
0.44332705803917405
0.44332705803917405
0.4433486191659878
0.4433486191659878
0.4433677032241077
0.44338924374288746
0.4434202813672339
0.4434216648737268
0.4435837821884516
0.4435837821884516
0.44358493370489116
0.44361528155657315
0.4436776220713303
0.4436821659148864
0.4437037577025408
0.4437323572982964
0.44380782739580016
0.4438329655442904
0.44384095782062394
0.4438783392392296
0.44392169228630673
0.4439548465404448
0.44402711699454867
0.4440379542332591
0.44404647260351404
0.44406360597617045
0.44408641378191627
0.4442072191946931
0.4442072191946931
0.4442187638608326
0.4442187638608326
0.4442484797914352
0.4443416343798384
0.444357899961742
0.4443626530384167
0.44437162663336194
0.44439709285690876
0.4443977722323782
0.44439790227514964
0.4444008709627998
0.4445187524707369
0.4445482096270532
0.44459641182708376
0.44464088304765936
0.44464088304765936
0.44468973686507873
0.4447102166158877
0.444722699432871
0.4447507889167849
0.4447524714455031
0.4447720943112642
0.4448010528312494
0.4448682187940691
0.44488279271488484
0.44488279271488484
0.4449100517580886
0.4449168035736004
0.4449301097720535
0.4449454136805784
0.4449502360903893
0.4449564748499881
0.4449738145425155
0.4451360024433184
0.4451410121957642
0.4451453164728856
0.445155743144542
0.44521140434223194
0.4452875864239364
0.44531142699408666
0.44533335649475325
0.4453589073074298
0.4453917820750133
0.44540378494087896
0.44541889657423006
0.4454339053638683
0.4454350701309203
0.44544382173549824
0.4454488793951108
0.44546242574418016
0.44551199768199234
0.44551199768199234
0.44551199768199234
0.44551510114312687
0.44551604890044716
0.44554384261116287
0.44554384261116287
0.4455561828761614
0.445557804306977
0.4456126752207463
0.4456358086582566
0.4456361050554277
0.44565516594553367
0.4456555444968978
0.4456555444968978
0.4456928981356403
0.44572722162404244
0.4457545320388753
0.4459168476294484
0.4459290370870057
0.4459314058767293
0.4459519021483137
0.44597231245494606
0.44608200230238637
0.44608759787584984
0.4461028445765316
0.4461056146508844
0.4461225888569371
0.4461225888569371
0.44613357062196446
0.44615974015195425
0.44625885356939743
0.4462614906357869
0.4463084902909209
0.4463112282636914
0.4463473390490359
0.44638874821591634
0.4463890174297034
0.4464335794602394
0.44643393622852967
0.44643623441643665
0.44643623441643665
0.44643623441643665
0.44644888501526436
0.44648653143841954
0.44651937835750277
0.44654726515732057
0.44656717960399317
0.44657086097933796
0.44659808129037337
0.4466367040678123
0.44670223124204866
0.4467426939626582
0.4467426939626582
0.44674684104479057
0.446777265035346
0.44678528519879146
0.4467860472549864
0.44682438809027225
0.446847520221306
0.4468566728223191
0.44685738546921894
0.44690748292019356
0.44693695382293264
0.44695588668586206
0.44696155229641366
0.44697716089466977
0.4469923932230008
0.44700548975849186
0.4470598320182352
0.447061500584637
0.4470640654730822
0.4470640654730822
0.4470874955332018
0.4471250330261066
0.4471250330261066
0.44720315004269096
0.44722316628285064
0.4472245397357315
0.4472245397357315
0.44726450721845357
0.4472690059035107
0.4472998083230544
0.4473406796699826
0.44735272712059315
0.4473624566876372
0.4473624566876372
0.4473624566876372
0.447377331687405
0.447377331687405
0.447377331687405
0.4474004818570628
0.4474232652118698
0.44747578921130016
0.4475129818335729
0.44755326305011456
0.44755326305011456
0.44755326305011456
0.4475938210455497
0.44761909788931287
0.44763018725382
0.44768890370229175
0.44768890370229175
0.44774803428836263
0.44777292594544216
0.4477910313205997
0.4478414503129986
0.4478561834263588
0.4478918855063453
0.44791433681719606
0.4479192347795202
0.4479646444067634
0.44797099555588193
0.4479862352471988
0.4479958269622646
0.44801291240327823
0.44808884485114375
0.4480911090985982
0.44819436333914964
0.4482056334229749
0.4482079395535574
0.44821185953325504
0.4482221334059906
0.44824203260956197
0.44824589984147667
0.448255735262454
0.4483073107961235
0.4483073107961235
0.4483445204954457
0.44835328156240606
0.4483703487265138
0.4484000106094962
0.44840061990994884
0.4484289863151588
0.4484289863151588
0.44843024718573377
0.44843024718573377
0.44849755273190106
0.44851764446607567
0.44853971254903846
0.4485519583250238
0.4485625481056932
0.44856604533260835
0.44858877097480687
0.4485936568140062
0.44861358855087885
0.44861712765256667
0.44863585574075704
0.4486541907973841
0.4486879845884095
0.4487197114709234
0.44872390596734335
0.44873215682286527
0.44875932545207275
0.4487801404853964
0.4487922282200665
0.4487922282200665
0.44879909838012155
0.44880103791589954
0.4488425500935368
0.448848566343758
0.44885007846170355
0.44888354837746247
0.44888354837746247
0.44888354837746247
0.44888579274849705
0.4488994444577009
0.4489271807280719
0.4489502313556264
0.4489554865480945
0.4489754144781031
0.4490384492408286
0.4490794353851745
0.44909536561554375
0.44916080912355905
0.4491970156933003
0.44921741363279144
0.4492228737914805
0.4492816922123861
0.44930433216267096
0.44931913844288074
0.4493439114927298
0.4493460356449419
0.44936754619777974
0.44943247881197657
0.44947459690073344
0.4495290523807658
0.4495290523807658
0.44954592056460085
0.4495520493021299
0.4495957750929269
0.4496039535869255
0.4496239513445235
0.44962407350735445
0.44962408327641945
0.4496452468921406
0.449823079662794
0.44982642992429733
0.44983761987735915
0.44984826889283247
0.44987254187250203
0.44988664046588567
0.44992705244509734
0.45001942355517754
0.45002016355424446
0.4500562332705025
0.45007301372926933
0.4500807231494637
0.45018360549789027
0.45020584479709547
0.45023884960292326
0.4502853635137971
0.45035679471733614
0.4503781783485252
0.4503781783485252
0.45040157039165507
0.45044295234437093
0.4504478591433656
0.45049555222752735
0.45054829725262124
0.450577458559808
0.450577458559808
0.45059001489471695
0.4505934630923123
0.4506379844581778
0.4506379844581778
0.45063926155438483
0.4506504377839481
0.45068977555305123
0.45073467984126925
0.45077261006679015
0.4508281184718327
0.4508356348935906
0.45084640826528455
0.45084766690113565
0.45084766690113565
0.4508589053816222
0.45086648380172245
0.4508687763928836
0.45088612208377943
0.45092432144758465
0.4509268511502855
0.4509359843137546
0.45094624502016334
0.4509623924071108
0.4509745339496468
0.4509806945705003
0.45099105320739796
0.4510290575774143
0.45103244875660176
0.4510373704315144
0.4510714952002366
0.4511103964546541
0.4511138221233839
0.45113794864778045
0.45115661903970383
0.4511741826680731
0.4511973980800412
0.45120334929336325
0.4512321131227742
0.4512321131227742
0.4512584313409468
0.45126410745364587
0.45128140402194505
0.45129772734732554
0.4513027719649565
0.4513906908270646
0.45139413215949287
0.45141630732199667
0.4514234861654598
0.4514234861654598
0.45145816840675
0.4514847440839853
0.45149455967338936
0.451512676476612
0.4515296057117748
0.4515296057117748
0.45153738895670403
0.45155860395451364
0.451580518934379
0.4516421465712832
0.4516525219431793
0.4516797286681209
0.4516991122195333
0.45171213837197577
0.45171556218910003
0.45174692787611503
0.45177313275742215
0.4517974366647337
0.4518081377386305
0.45182273663495753
0.4518327540970932
0.4518335009383351
0.45184947549952015
0.4518955404376813
0.45192536833827723
0.4519265881016009
0.45193398987392075
0.4519499736970256
0.45197838089454856
0.45200673036267935
0.45207311769300995
0.45211801805547847
0.45214131004739555
0.4522002121222216
0.45220405679177267
0.4522356994675636
0.45223847673103346
0.45225865063556636
0.4523129919490213
0.4523179515375353
0.45235918972527966
0.45238282994194734
0.4523949503042891
0.4524073604504453
0.45247495739075294
0.45256476546378466
0.45256476546378466
0.4526084262799074
0.452608917163279
0.45266446291461937
0.45266446291461937
0.45266446291461937
0.4526757444567594
0.4527087718622316
0.4527548993803042
0.4528072115834263
0.45286492968618797
0.4528694289873906
0.4528869103166182
0.45292329338063564
0.4529267750591053
0.4529293194834114
0.4529488672585863
0.4529488672585863
0.45298024949176774
0.45304214966959744
0.45305922941555465
0.45305922941555465
0.45313503570452374
0.4531357464778968
0.4531418261918263
0.45316253307194354
0.45316538593122124
0.4531734511480223
0.4531933565650351
0.4531996072744098
0.4532251703519612
0.4532381903697862
0.4532483729956154
0.4532880080518129
0.4532880080518129
0.4533075647726228
0.4533086411311966
0.453347540657554
0.4533572947892083
0.4533588321455094
0.45336547206523026
0.45342756004137175
0.4534394863670461
0.4534394863670461
0.45344538500577913
0.4535068436470937
0.4535350462218528
0.4535396354604344
0.4536081361919877
0.45366682202956476
0.4536977383031393
0.45374615516980654
0.4537466467260377
0.4537816515953359
0.4537816515953359
0.4537875719442406
0.4538148985867717
0.45382897110894094
0.45383392065149464
0.4538571019618387
0.4539515049944327
0.45397017601275846
0.45397866757999994
0.45405484460563605
0.45410429318231627
0.4541191577514805
0.45415137876829015
0.45415169797018584
0.45416219243961653
0.45422528842104826
0.4542348432783534
0.4543605023078442
0.4543972101801217
0.45440766049097947
0.45450683729469965
0.45456460022242995
0.45456460022242995
0.45457165811804323
0.4546071725092464
0.45465308584144937
0.45467121700763014
0.454704670283949
0.45472323577738205
0.45477250893450427
0.4547906608361114
0.45479555772055025
0.4548879755949621
0.45489608701600603
0.45489608701600603
0.45489608701600603
0.45489608701600603
0.45489662469378933
0.45492799558714736
0.4550085404037326
0.4550185443446153
0.4550391632831887
0.4550516768044942
0.4550718023514231
0.45509130626440886
0.455117246842931
0.45512525889117783
0.45512525889117783
0.4551331117996473
0.4551478948400749
0.45518949514727225
0.4552000938925068
0.4552224049497394
0.4552240214478813
0.45523188746711774
0.4552428478528543
0.4552428478528543
0.4552470213407349
0.4552706537379163
0.4552737920764336
0.4553325921842648
0.455367211342421
0.4553681539546075
0.4554542135214079
0.4555363514828197
0.45554075498036295
0.45554453314396204
0.4555691644517502
0.4556158410363187
0.4556158410363187
0.4556273154463454
0.4556741012424752
0.4556914315582141
0.4557533310666102
0.4557582530591118
0.4557731251253244
0.4557921911725289
0.45580671008455553
0.4558330824919329
0.4558330824919329
0.4558330824919329
0.4558611151863503
0.45595552554631225
0.4559757262915305
0.4560317915856804
0.456034369338592
0.4560461670210757
0.45605374124113973
0.4560555095331338
0.4560892025373857
0.4561259609455153
0.4561343266636668
0.4561470836879358
0.45617996869855293
0.4561836528343832
0.4561975377693175
0.45621582303990316
0.45624447199458196
0.4563000920020218
0.4563036240727265
0.4563166178135334
0.4563181908342736
0.4563181908342736
0.45640979816249416
0.45642402429839524
0.4564882196020189
0.45656187908092327
0.4565683243248473
0.45665421572134135
0.4566571037475715
0.4566587390103243
0.45673094512796253
0.45673591921686807
0.45674275690616584
0.45675916534113803
0.4567782337975703
0.45678033540200336
0.4567904712451907
0.4568494294386811
0.45686231024340307
0.45686438852631095
0.4568718314859632
0.4569319291619738
0.4569365724275951
0.4569450800890894
0.456977817038446
0.45706696761371324
0.45706713784356534
0.4570839555971362
0.45714587368711124
0.4571795572200147
0.4571956587958147
0.4572297465956304
0.45723495258631663
0.4572374610728851
0.45725124233891723
0.457302708863098
0.45731130776798246
0.457315305747921
0.45733780862664875
0.4573884821246915
0.4573884821246915
0.45741038216805907
0.4574376223226455
0.45746489434094895
0.45746489434094895
0.45746679751470176
0.45746679751470176
0.45746966015821533
0.45752888427941407
0.45755769157676773
0.45755769157676773
0.45755769157676773
0.45756768509852686
0.4575713080381638
0.4576092587335132
0.4576092587335132
0.45775756269674406
0.45776669984793483
0.457796074820506
0.4578154803973875
0.45795333349350387
0.45801033979446115
0.4580245780343203
0.4580861901296087
0.4580861901296087
0.4581095949796995
0.4581521219923198
0.4582266550286349
0.4582286885225856
0.4582304944631037
0.4582304944631037
0.4582304944631037
0.4582304944631037
0.4582304944631037
0.45827370572950477
0.458284667966928
0.45828846967512105
0.4582917097571093
0.4582917097571093
0.4583310709640136
0.4584231736159067
0.45845171824453446
0.45845171824453446
0.45852218561513647
0.4585484584564554
0.4585484584564554
0.4585484584564554
0.45856649528616256
0.45861253834194915
0.4586525087183586
0.4586567148410774
0.45868241675528
0.45869738680769045
0.45877875816312574
0.4587831100679467
0.458806250286786
0.45882178495452197
0.45886956933158984
0.45890557457985137
0.4590089807437524
0.4590357401950229
0.4590456012965368
0.4590658339467746
0.45908195108978744
0.4590823318629399
0.45908611107420616
0.45914049923851263
0.4591768401541747
0.45918609146574785
0.4592037423901425
0.45921459860122993
0.45929211753629406
0.459318304988656
0.459318304988656
0.4593231508086655
0.4593297715960992
0.45943192561857005
0.45943326994415945
0.4594664119892964
0.459486828274838
0.459486828274838
0.4594902486296286
0.4595390265158936
0.4595390265158936
0.45954078591066483
0.4595457912373152
0.4595457912373152
0.4595457912373152
0.4595457912373152
0.45955052461755685
0.45956732478070983
0.45956732478070983
0.45956732478070983
0.4595889560667701
0.459605184119958
0.459682232487872
0.4597077778098705
0.4597557986193137
0.45979886818815063
0.45981347961802177
0.4598478882285346
0.45986727126197513
0.4599205248050089
0.4599446928847519
0.4599509259684995
0.4600598465253183
0.46008903906411847
0.4601158495840795
0.4601255829589662
0.46014871354000453
0.46014871354000453
0.46016039652673946
0.46016503916539964
0.46024866622316374
0.46024995065930085
0.46024995065930085
0.46025226521100526
0.4603269867940649
0.4603653052775425
0.46037535946528463
0.46037654172054776
0.4603906440517167
0.4604952245159486
0.46051985816147667
0.46051985816147667
0.4606490020788967
0.46066712502867224
0.4607046715071884
0.46074185526885414
0.4607699628094829
0.46081260120008505
0.4608334038256312
0.46085054115498614
0.4609278440794725
0.4609442959578035
0.46097463678773676
0.4610094084618732
0.4610890059257384
0.46110281374259
0.46110281374259
0.46113336210983114
0.46115887693573
0.46119766774239745
0.4612692645223455
0.46127027756700645
0.46128600959438526
0.46129185903385816
0.46137155530636276
0.4614058795681527
0.46144404422928265
0.4614721821035256
0.4614721821035256
0.4614721821035256
0.4614721821035256
0.46149940115524724
0.4615370828011922
0.4615802307734467
0.46159681744562975
0.46159681744562975
0.46159681744562975
0.46159681744562975
0.46160524405230585
0.4616055275173969
0.4616276128530209
0.4616315816423431
0.4616781741889333
0.4616781741889333
0.46169842885785983
0.461730503844731
0.46180965860725176
0.46185848679636765
0.4619047102548781
0.46195178095167355
0.4619680897506948
0.4620009353275152
0.46200749392189144
0.4620409986145486
0.4620409986145486
0.4620857055490146
0.46212056179023164
0.4621335661601491
0.4622040780804795
0.4622040780804795
0.4622376458813964
0.46228916293485756
0.4623365716855511
0.4623383570508107
0.4623383570508107
0.4623420113363339
0.4623421970270911
0.4624049566430457
0.4624299160781127
0.4624649911549291
0.4624835821267125
0.46251138017823323
0.4625374813041355
0.46254989134942615
0.46255722470812943
0.4625699146045703
0.4625920732767481
0.4626052737237951
0.4626052737237951
0.46266166371678685
0.46270880198264486
0.4627135053523159
0.4627252405737279
0.46273019696757656
0.4627892165189794
0.4628182057798714
0.4628687624721439
0.46301868128656665
0.4630878201896844
0.4631265867218808
0.4631265867218808
0.4631431802107344
0.4631579190236861
0.46316839409918864
0.4631898597068931
0.46325481907453014
0.46325481907453014
0.46326746417502307
0.46329386081153157
0.463309237221621
0.4633429310322065
0.46338094369502103
0.463451533626972
0.4634807459242747
0.46350947504222606
0.46357888621289767
0.4635998981076508
0.46360759613976077
0.4636384336824101
0.4636516909676569
0.46383501201844557
0.4638395145042269
0.46384780477644716
0.46384780477644716
0.46384780477644716
0.46384780477644716
0.46389553675853024
0.4638991579285039
0.4640649428955749
0.4640649428955749
0.46406884828895234
0.46411289948688284
0.46412178990058317
0.46412178990058317
0.46412286591735574
0.46414169800648
0.4641936543231999
0.4641936543231999
0.464204561606815
0.46420765432839106
0.4643169626839283
0.4643333390183372
0.4643484402393524
0.4643991357854095
0.4643995800719325
0.4644415371944133
0.4644494529373582
0.4644494529373582
0.46445488502522014
0.46467977473947664
0.4647037256598915
0.4647937795186651
0.4647937795186651
0.4648018847872535
0.4648871922139107
0.4649256717102982
0.4649256717102982
0.4649282333896785
0.4649767853510799
0.46502567135555195
0.46503631901814835
0.4651848662805831
0.4652189857646323
0.46525474868412453
0.4652732593213831
0.46528077219485997
0.46531541885710803
0.46543104835950366
0.46548168032700643
0.46551161405681496
0.4655208422359465
0.4655278425579279
0.4655278425579279
0.4655278425579279
0.46555537466458985
0.4655580614100022
0.4655624174209708
0.46558565855784073
0.46558565855784073
0.4656189841649223
0.4656579731579946
0.46567126116089574
0.4657190373248905
0.4657252964686449
0.46573268360667897
0.4657843953914831
0.46589797248982656
0.4659413780889913
0.4659911947127261
0.4659937454481602
0.4660288455129272
0.4660439856876455
0.4660532540684964
0.46609305624045394
0.4661320080979081
0.4661394838750442
0.46617283732733483
0.46618313619123775
0.4661858357875568
0.46622010192732266
0.46622010192732266
0.46622010192732266
0.46622010192732266
0.4663239595577777
0.466360985340856
0.46637026231550127
0.4663796484354332
0.46643316296604354
0.46648276354905094
0.4666095314181342
0.46661324003260063
0.46662009913308533
0.46662009913308533
0.4666214440745303
0.4666638151340806
0.4666703891958346
0.4666912461520002
0.4666989352611084
0.4667835021407788
0.46684278284110525
0.46684717348111204
0.4669031608827394
0.4669034083703061
0.46691898293146883
0.46692838342098153
0.46694793455884986
0.466953507952943
0.46696261203204537
0.4669802862218554
0.467121683613106
0.467121683613106
0.4671405738529796
0.4671745480564957
0.4672062272802331
0.4673086584794084
0.4673087919828317
0.46731319060411614
0.46733889621600566
0.46733889621600566
0.46737792512219767
0.4674037305291723
0.4674037305291723
0.46740909316707124
0.46749509299090675
0.4675108193043582
0.46752965815585257
0.46752965815585257
0.4675368179079372
0.4675443322042945
0.4675535432954603
0.4675535432954603
0.46756467159771475
0.46756467159771475
0.46759213211885886
0.4675930195437201
0.46761868090138314
0.4676206584946502
0.467705681304036
0.46771958981833195
0.46774240234930986
0.4677495264566769
0.4677718856333438
0.4677835888139319
0.46782204884564926
0.4678288010720142
0.46783188208871607
0.46783188208871607
0.46783188208871607
0.46785092161688846
0.4678704420390971
0.4678986089849133
0.4679574455508202
0.4680150070832254
0.4680256337822105
0.4681968366665923
0.4682070691692357
0.4682070691692357
0.4682155177655758
0.4682256695853031
0.4682523041343061
0.4682878021903133
0.4682944238028999
0.4682944238028999
0.4683096922840302
0.468387825935773
0.468402462048745
0.4684086650230913
0.4684086650230913
0.4685087793179825
0.4685087793179825
0.4685864374786811
0.46858989629327097
0.46858989629327097
0.4685930303032151
0.46859663221208003
0.4686984458651837
0.4687102329873085
0.46879315794994236
0.4688544903176375
0.46887141670012145
0.4688809465953694
0.46892156913562144
0.46892667368426344
0.4689296521380929
0.46900108074419133
0.4690285642717078
0.4690430402894128
0.469045686574165
0.46909197945131476
0.4691146411527819
0.4691319294874119
0.46914381537631666
0.46922701249479726
0.4692456805548175
0.4692794869635091
0.46929212106715934
0.46929212106715934
0.46930231168159664
0.4693094810730071
0.4693156824435266
0.4693456086698957
0.4693855797822232
0.4694642173739565
0.46948787696151073
0.46953513607045805
0.4695773436553683
0.469659700080008
0.4696751983395333
0.4696751983395333
0.4696751983395333
0.46967971259626795
0.4696978647913921
0.4697626948961582
0.46979426168064997
0.4698499667956708
0.4698499667956708
0.4698499667956708
0.4698499667956708
0.4699397781703063
0.4699625798329854
0.46998545344693066
0.47002657117022273
0.47002657117022273
0.47007866674240417
0.47007866674240417
0.4702055212237435
0.47022114971552786
0.47022114971552786
0.47022114971552786
0.4702628352064113
0.4702781980389603
0.4702781980389603
0.47036056267135407
0.47038973291318076
0.47038973291318076
0.47038973291318076
0.47041606002512715
0.4704363972173198
0.4704904123762208
0.47057341291633703
0.47062273423990053
0.4706869532840827
0.47068839247014416
0.4706911368818607
0.4707097729590345
0.4707130495607229
0.4707130495607229
0.47075318553174805
0.47078497912116624
0.47091195133694574
0.47101396729628564
0.47102952025296807
0.47102952025296807
0.4710309418418246
0.4710648568814574
0.47108993398931054
0.4711826355226072
0.47119311071873216
0.4712282485891033
0.4712854818360064
0.47129890495280724
0.47130940240573016
0.47140887982539614
0.4714151763306358
0.4714157992153435
0.4714173281861298
0.4714211025813936
0.4714655624583084
0.47147938316875504
0.471538282071967
0.47155860853039644
0.4716057004567701
0.4716345923371099
0.47165962508115145
0.4717143446537654
0.4717380848944741
0.4717630959036083
0.4717630959036083
0.47179261401916195
0.4717995570102458
0.47182962237201365
0.47182962237201365
0.4718459643483257
0.47187894861660606
0.4718934456921672
0.47189868333817686
0.47189868333817686
0.47189868333817686
0.47189868333817686
0.47189868333817686
0.47192780968826264
0.4719412003975325
0.47198294299666355
0.4720091510229567
0.47202923440631595
0.47205355325606635
0.47207521924516815
0.47208214317556685
0.4720885135012416
0.4720969548206555
0.4721579344852569
0.4722020378277131
0.4722020378277131
0.4722020378277131
0.4722020378277131
0.47221392354080804
0.4722501865911044
0.4722548209538011
0.4722796042822125
0.4722847758483011
0.4722905598737024
0.4722905598737024
0.4722905598737024
0.4722907691846643
0.4722907691846643
0.4722907691846643
0.47229171775443035
0.4723529003830138
0.4723529003830138
0.472496734988783
0.472496734988783
0.472536700614128
0.47255001797024865
0.4725571981143537
0.47256223445203127
0.47259477143313644
0.4726200848820111
0.4726306983556564
0.4726531245058778
0.47271404968114683
0.47271404968114683
0.4727298128382935
0.47276084443517985
0.47276084443517985
0.47276084443517985
0.47276084443517985
0.47276084443517985
0.47278349407878395
0.4728137006151647
0.4728470185377962
0.4728470185377962
0.4729095992168827
0.47295443334392306
0.47295443334392306
0.4729597228358656
0.4729934607954782
0.4731195040558487
0.47314307214861806
0.4731838762205631
0.47323229165936465
0.47325259834246924
0.4732645999932654
0.4732645999932654
0.4732823619777622
0.47328445974060884
0.47328445974060884
0.47331719954776075
0.4733247184296855
0.47332728389097145
0.47332728389097145
0.47332728389097145
0.4733283315322866
0.47332900954653356
0.4733957217842396
0.4733985681285997
0.4734242654377143
0.47345300944796054
0.47345300944796054
0.47345300944796054
0.4734544139467538
0.47349225910258963
0.47353803524655935
0.4735554963735874
0.47359645740993184
0.47360030652680885
0.4736149994891725
0.473633908583586
0.4736460688717783
0.47368674144751644
0.47368674144751644
0.47373077402312624
0.4737611016996214
0.4737652459712547
0.47381274248392247
0.47383297524915013
0.4738516474166765
0.4738656157051444
0.4738656157051444
0.4738861735987854
0.47390183718209267
0.47395548190969594
0.47397942009835636
0.47400899065013125
0.474009800415116
0.4740360385513538
0.4740600138395368
0.4740691225474424
0.4740719709053023
0.47409245058820604
0.47409245058820604
0.4740939387749292
0.4740939387749292
0.47410854643473976
0.47411874686207633
0.4741527166768512
0.47415767082457416
0.4741817530921668
0.4741965995519004
0.474210498658013
0.4742375770364037
0.4742462754852441
0.47425249289833227
0.4742647876019681
0.47427805505268505
0.4742954900416022
0.4743310719699628
0.4743310719699628
0.4743400902366438
0.4743452926132855
0.4743776584491036
0.4743894836319762
0.47440069299981236
0.47447131622290173
0.4744996427404704
0.47451203290425326
0.474521177279409
0.4745772915386406
0.4745889145558231
0.4746915208475415
0.4747033881431396
0.47478996134044205
0.4748149226430549
0.4748453864585136
0.4748575237269482
0.47490426626679927
0.4749593346084865
0.4749593346084865
0.4749736981210759
0.4750202917961456
0.47504645152631264
0.475127699473735
0.4751473500685486
0.47516996864612615
0.4751752088026002
0.47524186144104474
0.47524186144104474
0.47524910393493336
0.47527375603447886
0.47527375603447886
0.475298772862462
0.4753298399216851
0.47540063277466793
0.4754047632410814
0.4754141617904647
0.47543124487662625
0.47543347654729706
0.47547758095708115
0.47550016235135406
0.4755726416980651
0.4755997862299173
0.4756741884679747
0.4756918990375265
0.4757055262700354
0.4757325582175478
0.47574075142497774
0.47577233274108843
0.47578131051263073
0.47579114743628603
0.47581645385599314
0.475827047437571
0.47583861979317366
0.47584598798108
0.47585821059459876
0.4758970844287771
0.4759293537914391
0.47595351938040964
0.47595351938040964
0.4760522110115717
0.47606617252405004
0.4761132582242935
0.47614772255743154
0.47615198466779285
0.47620258153389106
0.47623548683058314
0.47626586834699347
0.4762661796228769
0.4762661796228769
0.47628251415431566
0.47628251415431566
0.4762837818304244
0.47628408056342386
0.47639861088873303
0.47648229036529377
0.47657383641512663
0.47658492771593797
0.4766247770586325
0.47663815106728036
0.47675620012249753
0.47682873984201546
0.4768596095016684
0.4769186920368982
0.4769526053059655
0.4770433719720536
0.47705722752152635
0.477061860372304
0.47711809325056687
0.47713965254201873
0.47716022757967935
0.47719814572962826
0.47719814572962826
0.47720502996777103
0.47722646609874375
0.4772510115947932
0.47731108901162655
0.4773293414367783
0.4773537487707986
0.4773537487707986
0.477386164161839
0.47742203422929863
0.4774237486749249
0.47742922631464
0.4774383711241553
0.4774810753975033
0.4774810753975033
0.4775174028156455
0.4775174028156455
0.4775174028156455
0.4775737156781841
0.4775937981861924
0.4776116147472549
0.4776116147472549
0.47773863671463146
0.47773863671463146
0.47773863671463146
0.47775316292992054
0.47778302187192856
0.47784294971843577
0.47784294971843577
0.47786957744481373
0.47787382482925567
0.47791491133857833
0.47792404017001355
0.47794897387942015
0.47798193706656367
0.47798563852260645
0.4780079186227918
0.4780079186227918
0.47806720210185927
0.47811899565555904
0.47816491256695304
0.47816762561624815
0.47818426275164816
0.47820268690819234
0.4782890016334661
0.4782947674967071
0.47829873621445385
0.4783491663253563
0.47836354331861863
0.478406989688805
0.478406989688805
0.4784407497388241
0.478458430429338
0.478458430429338
0.47846459485113657
0.4784864659684105
0.47850126248782365
0.47850126248782365
0.47852014505058804
0.478527385596194
0.478527385596194
0.478527385596194
0.478527385596194
0.4785901380222114
0.4785901380222114
0.47860445192420453
0.4786195467117005
0.478630763966046
0.478630763966046
0.4786545604278494
0.4786545604278494
0.4786611241402676
0.4786654462548583
0.4786654462548583
0.47871300979268205
0.4787217146931909
0.4787467976611741
0.4787947562306405
0.4789161224554249
0.47893778682185717
0.4789411705618065
0.47895862763057506
0.4789842316527422
0.4789842316527422
0.47901062869982014
0.47901062869982014
0.4790177755208944
0.47905764889849245
0.47907349581649017
0.4791083323592291
0.4791119408515778
0.47915271252278846
0.47915271252278846
0.4791662902038909
0.47918293117465594
0.47918293117465594
0.4792212904437343
0.4792394179305475
0.47926781314963685
0.47927097799317764
0.4792984201601753
0.4792984201601753
0.4792984201601753
0.47931046555777757
0.47932689157125874
0.4793645084565761
0.4793645084565761
0.47937026089431
0.47937316835837307
0.4794185492007128
0.4794773616893816
0.47949917014199606
0.47955791948968085
0.47955791948968085
0.4795826121562001
0.4795826121562001
0.4795826121562001
0.47963623612966044
0.47964780702791243
0.47964780702791243
0.4796846389046636
0.47969260191964014
0.4797980031430915
0.47984992930242976
0.4798605783666665
0.47988103389579595
0.4798992330565367
0.479911237955051
0.47999494236863127
0.4800399839430385
0.4800507176677673
0.4800771013951066
0.4800975290202153
0.480125608847902
0.48016431298251405
0.48016764350835306
0.4802102875582196
0.4802102875582196
0.4802141943993692
0.48026879317551296
0.48047268211470784
0.48050111677843466
0.48058726015234243
0.4806310463697604
0.4806365248832625
0.48064870979512786
0.48064870979512786
0.48064870979512786
0.48066590154880917
0.4807819333761101
0.48087698668145107
0.48089095623155154
0.48094934904993436
0.4810559728770569
0.48107380629688845
0.48109591999090906
0.4811487123741105
0.4812326365788716
0.48124610384706257
0.48124610384706257
0.4813338151817217
0.4813381371077017
0.48134144601753914
0.481366789384694
0.48151046376678996
0.48154858778003773
0.48161003019183624
0.4816546464649487
0.4816546464649487
0.4816605511673908
0.4817469157600456
0.4817507128924884
0.4817507128924884
0.48183746108340464
0.48183746108340464
0.48183746108340464
0.4818898015137687
0.48196048428411453
0.48197900636260493
0.4820192601197655
0.4820242689428974
0.482091124002592
0.482091124002592
0.482091124002592
0.48213548447334165
0.4821860806873217
0.48222957298417934
0.4822379747947876
0.48236648199336085
0.482392284248896
0.48244481722855803
0.4825502158436611
0.48257091855927414
0.482613843559786
0.482613843559786
0.4826561849357738
0.48266773969579824
0.48266773969579824
0.48270345024104666
0.48270345024104666
0.48286408380602264
0.48286793402385086
0.4830102574155837
0.4830153647773412
0.48307265294984925
0.48307265294984925
0.48307427981038065
0.48307427981038065
0.48309705846000195
0.48315901482224355
0.48315901482224355
0.4831628573976755
0.48318352376477836
0.4831867449851711
0.48319954319270686
0.4832340620300266
0.4832340620300266
0.48327483973044916
0.48327830956917506
0.48327830956917506
0.4832790196217409
0.4832791379085074
0.4832954772225484
0.48330642748261354
0.4833136476989801
0.483340926805524
0.483357447017826
0.4834147372980562
0.48345146023339214
0.48345146023339214
0.48352370067102424
0.4835394564628437
0.4836320402060039
0.48363338811086454
0.48364016782577646
0.48364972728146804
0.48364972728146804
0.48367894620927565
0.4837008234902227
0.48372324402128053
0.48372523996902483
0.4837689272096326
0.48377302808915124
0.4838266901090962
0.483869631443159
0.4839389321916212
0.4839777572763778
0.4839831141145574
0.4840163468108376
0.4840546572979816
0.48405677286149473
0.4840931718399586
0.4841070997059197
0.4841423841694169
0.48422186335385353
0.48425035192300214
0.48425035192300214
0.48425035192300214
0.48425035192300214
0.48426230402506154
0.48426230402506154
0.4842676831567516
0.4842875190271171
0.48438112460260885
0.48441561307557135
0.4844982908248133
0.4844991023581007
0.48453146647842815
0.4845472201692803
0.4845487778018418
0.48455149541104314
0.48455149541104314
0.48455149541104314
0.4845938356053694
0.48459760869673274
0.48462373470152953
0.48465803722571565
0.4846688608115408
0.48469776725859104
0.48469776725859104
0.4848058116843059
0.48484891535020447
0.48484891535020447
0.48487348842681977
0.4848842964734361
0.48495605543702347
0.4850230658242354
0.48512345808098445
0.48513138236132425
0.4852285628031232
0.4852285628031232
0.4852355788169396
0.4852506879925379
0.4852506879925379
0.48529158932829375
0.48529871117883105
0.4853283219215534
0.4853480420850418
0.4853480420850418
0.48538599233256186
0.48538599233256186
0.48538599233256186
0.48538599233256186
0.48547979909661554
0.4855593744703024
0.4855654724497285
0.4855927716640679
0.4856236665710548
0.4856595102882615
0.48576695868944497
0.48578324822700414
0.4857869583327039
0.48585449886811516
0.48587021338639036
0.4859414701469581
0.48600171897044175
0.48600171897044175
0.48600171897044175
0.48600171897044175
0.4860947461181342
0.4861332627879449
0.48615424004827257
0.48617390015592665
0.4862139520486226
0.4862468430595701
0.48639648836494165
0.48639648836494165
0.48643165117111564
0.48645653111819565
0.48656415826516564
0.48658741552170404
0.48659492562895945
0.4866133807520451
0.4866545480687604
0.4866545480687604
0.4866649049075167
0.4866747969964791
0.4866847951295966
0.4867203826791099
0.4867257021091833
0.48673317484681844
0.486809304151822
0.48684298664580306
0.48686759533952484
0.4869121677286916
0.4870517086957713
0.4870517086957713
0.48717029105114296
0.4871763920116612
0.4872497329589589
0.4872497329589589
0.48726810049127833
0.48730223601528744
0.48730223601528744
0.48732151209534147
0.48733099659103474
0.48733099659103474
0.4873372373230782
0.48735973116473885
0.4873928647705259
0.4874543925626289
0.48753749226906584
0.4875705745989053
0.48760341336085844
0.48760341336085844
0.4876583737400819
0.4876583737400819
0.4876583737400819
0.4877443727697489
0.48774846079825207
0.4877664389064418
0.4877664389064418
0.48783284595817156
0.48791275344980833
0.4879794289415209
0.48804280650407406
0.488082986829268
0.488082986829268
0.4880872525320892
0.4880872525320892
0.48812115744065654
0.48812795239403217
0.48812795239403217
0.48816189289554046
0.48816189289554046
0.4882436079212136
0.4882436079212136
0.4882436079212136
0.4882436079212136
0.4882436079212136
0.4882436079212136
0.4882891409845349
0.48840059370879385
0.488416059497341
0.4884753319939129
0.4885725576056221
0.4886496746515493
0.48867183010747806
0.48876573751627994
0.48876573751627994
0.4888003514236462
0.4888003514236462
0.4888003514236462
0.4888003514236462
0.4888003514236462
0.4888470468474734
0.4888470468474734
0.4888470468474734
0.4888470468474734
0.48891783904975206
0.4889355175771668
0.4889535651091974
0.4890257256139925
0.48903901749873413
0.4890814008880009
0.4891101247556453
0.48919028949922694
0.4892055765225073
0.4892254242647638
0.4892254242647638
0.4892434929666567
0.4892543329410747
0.48928192727265485
0.48928192727265485
0.4893088158529897
0.4893088158529897
0.48933793919633073
0.48933793919633073
0.4893736600628389
0.4893736600628389
0.4893736600628389
0.4894316422796977
0.4894316422796977
0.48958404727094074
0.48967018062312495
0.4897003716942393
0.4897117212602079
0.48978419017351504
0.48978419017351504
0.48984874496080544
0.48984874496080544
0.48984874496080544
0.48984874496080544
0.4898658661365488
0.4898658661365488
0.4898658661365488
0.48989160176465063
0.4900158875026548
0.49011067678661757
0.49011067678661757
0.4901452581548925
0.4901452581548925
0.49016338749341315
0.4902238075492341
0.49023444108128467
0.49029838583321816
0.4903034824987017
0.4903034824987017
0.49031201227665133
0.49031728676233766
0.49032592894373783
0.490334454386796
0.490334454386796
0.49040856856606774
0.4904153110037963
0.4904153110037963
0.490443613210245
0.4905396985255177
0.490669858621112
0.4907037729988101
0.4907209122931673
0.49072607237799226
0.49072607237799226
0.4907774825286406
0.49085871662831604
0.4909762961660288
0.4909779411228028
0.4910360721806427
0.4910638346686502
0.4910638346686502
0.4912246301640777
0.49122973218393495
0.49133389066541844
0.49144022240367813
0.49144533087639664
0.4914610644711961
0.491474593499062
0.491474593499062
0.4918504610473975
0.4918504610473975
0.4918728528527243
0.49190948154740977
0.4919182583342565
0.4919533970837442
0.4919533970837442
0.4919660026665671
0.4919660026665671
0.49210500653837397
0.49210867376934064
0.49217532657014806
0.4922386166144801
0.4922787529638607
0.4922787529638607
0.4923883386013854
0.49238869246672956
0.49238869246672956
0.49238869246672956
0.4924355777308598
0.49245109850837665
0.49245109850837665
0.49258448185237114
0.49272176841193505
0.49273526410512525
0.49275144824486306
0.49280230551481075
0.49292199291304195
0.49292199291304195
0.4930310412783184
0.4930310412783184
0.49310735120277716
0.49324158010508123
0.49338738336533505
0.49338738336533505
0.4934008472534548
0.4934008472534548
0.4934256998536978
0.4935096797654662
0.4935096797654662
0.4935096797654662
0.4935096797654662
0.4935209102171484
0.4935910183282596
0.4936308839324641
0.4936308839324641
0.4936412750115884
0.49369012159408443
0.49374387857349566
0.4939199661869311
0.4939199661869311
0.49400317533513594
0.4940604496746781
0.4940604496746781
0.4940604496746781
0.4940604496746781
0.49406105451173654
0.49406105451173654
0.494143050814275
0.49419952113711574
0.494271063032901
0.494271063032901
0.49433038310159416
0.49445179184336996
0.49449120640286137
0.4945012571167424
0.4945029908324733
0.4945029908324733
0.49453475861857454
0.4946660575697457
0.49472277424582844
0.49481228640358355
0.49492061518071806
0.4949812355859462
0.4949812355859462
0.4949936010930517
0.4950395807659854
0.49512111785584056
0.49512111785584056
0.49515066349918624
0.4951806654880171
0.4951806654880171
0.49528960914953735
0.49540328829569646
0.49540328829569646
0.49552420559694466
0.49552420559694466
0.4955405044400659
0.4955405044400659
0.4955586277628635
0.49564310678199663
0.49566083001991346
0.49584453467828327
0.49584453467828327
0.49584453467828327
0.49588323195985284
0.49588323195985284
0.4959203470355422
0.4960606728600814
0.4960772035983183
0.49610768507677283
0.49621621945528904
0.496274185304837
0.4964071171865645
0.49640811368999227
0.4964630188217949
0.4966084251713806
0.49673445082136936
0.4968394571012653
0.49689111109007367
0.49689870829908134
0.4969411489390472
0.4969617646139465
0.4971488821341845
0.4972100591762737
0.49738909910275075
0.4975228637874748
0.4975228637874748
0.4975516195947878
0.4976389419574181
0.49764353559126806
0.49767673937252477
0.4976967066044429
0.49773818645594226
0.4977612588502236
0.4977815803927004
0.49789497199989285
0.49789497199989285
0.4979524180727103
0.4979524180727103
0.4979524180727103
0.49799629473996765
0.498050816615927
0.49806106974898046
0.49811503754630526
0.4981191977810383
0.49830525931642267
0.49830525931642267
0.49830525931642267
0.498307873071569
0.4983116825655918
0.4983116825655918
0.49838512592838435
0.49851965749218397
0.49851965749218397
0.49853052887803584
0.49855096522474907
0.4987438122760962
0.49876438355586616
0.49876438355586616
0.4987726085763444
0.49885567422490906
0.4989911708175597
0.499003493753968
0.499003493753968
0.499003493753968
0.499003493753968
0.4990519353906073
0.4990718880378866
0.4992126283806517
0.49943170970396067
0.49943170970396067
0.49950965278558124
0.4995111302486446
0.49960888426324723
0.4996228075838214
0.4996846147198434
0.49970960990408764
0.49970960990408764
0.499839031644693
0.499839031644693
0.4998699796091307
0.49989526191029354
0.49993030938148886
0.49995271320468027
0.49995271320468027
0.4999608346048634
0.4999931701396225
0.4999931701396225
0.5000623607596758
0.5000995309555891
0.5001379788331746
0.5002194683362902
0.5002194683362902
0.5002194683362902
0.5002194683362902
0.5002290872253171
0.5003075090272131
0.5003081223342671
0.5003378573809466
0.5003595563437971
0.5003685160770597
0.5004594843365844
0.5005240212117004
0.5006925496163834
0.5007402640721422
0.5007603140664243
0.5007603140664243
0.5008401532230422
0.5008401532230422
0.5008528316775959
0.5008815621776097
0.5008815621776097
0.5008815621776097
0.5008815621776097
0.5008906590686644
0.5008906590686644
0.5009123476439561
0.5009634205095539
0.501012286308147
0.5010424868048624
0.5012203862726234
0.50122162461977
0.5012545628240419
0.5013145160923549
0.5013145160923549
0.5014272077205246
0.5014768046148453
0.501548872853564
0.501548872853564
0.5017933707698561
0.5018653277976226
0.5019566640813663
0.5020515129184884
0.5021594111076862
0.5022385658811251
0.5022385658811251
0.5022386774833383
0.5022646519105005
0.5022646519105005
0.5023308638282502
0.502494016348729
0.5026512640341658
0.5026512640341658
0.5026512640341658
0.50267232964055
0.5027405814828724
0.5028309696530361
0.5028309696530361
0.5029080552445413
0.5029409712103359
0.5029639398470188
0.5029734814420279
0.5030691036232688
0.5031857532049626
0.5033493338202707
0.5033493338202707
0.5033493338202707
0.5033669539295405
0.5035580508073128
0.5035631803601621
0.5035631803601621
0.5036620830288606
0.5038016735383548
0.5039216764237471
0.5039873450514816
0.5040541517463316
0.5040725632617407
0.5041013048222878
0.5041613744203373
0.5042625964559678
0.5042766562762919
0.5042766562762919
0.5042955679259825
0.5043362300665685
0.5044578099846438
0.5044578099846438
0.504487004491797
0.5045067920766548
0.5045152820892933
0.5045548587665112
0.5045957532150785
0.5046409026662038
0.5046409026662038
0.5046565620559915
0.5046565620559915
0.5046690342505037
0.5046690342505037
0.5048182841819653
0.5048666358872596
0.504897093918518
0.5049335643073884
0.5049550437789572
0.5049678456378064
0.505095776910018
0.505115696356697
0.5053706241526021
0.5053722438639048
0.505446992642573
0.5054937196544097
0.5054937196544097
0.5054937196544097
0.5054937196544097
0.5056005071364308
0.5056573210311344
0.5056573210311344
0.5057359974723818
0.5057392528910994
0.5058803585704812
0.5059134911280065
0.5059134911280065
0.5059604449227725
0.5059745066897401
0.5059745066897401
0.5060030157687876
0.5060592316326045
0.5062682814214126
0.5062835403691682
0.5063102412862861
0.5063102412862861
0.5063102412862861
0.5063228162066136
0.5063897606075985
0.506430776842606
0.506430776842606
0.5064336355331526
0.5064336355331526
0.5064336355331526
0.506469369742808
0.5065847542207483
0.5065865768443238
0.5066144778635477
0.5066144778635477
0.5068144419030349
0.5068162526526573
0.5068162526526573
0.50688582815271
0.5069949587910841
0.5070287399291245
0.5074205858569194
0.5074205858569194
0.507576885085433
0.50763940001315
0.50763940001315
0.50763940001315
0.50763940001315
0.50763940001315
0.50763940001315
0.50763940001315
0.50763940001315
0.50763940001315
0.50763940001315
0.50763940001315
0.50763940001315
0.50763940001315
0.5077414933460771
0.5077877938275317
0.5079018587019651
0.5079018587019651
0.508155757714527
0.5083473224920627
0.5083984710604671
0.5084904148486313
0.508503516084041
0.508503516084041
0.5087229224276527
0.5087229224276527
0.5087545558004603
0.5088545075354363
0.508912984944783
0.5089284021592322
0.5089565917503442
0.5089565917503442
0.5089565917503442
0.5090043623601014
0.5090043623601014
0.5090882263065679
0.5091240378198428
0.5092788716935526
0.5093426414070616
0.5093601270244916
0.5096329564805737
0.5096329564805737
0.5096374497850314
0.5097057711058604
0.5097057711058604
0.5098089788176906
0.5098802120094987
0.5099022825282973
0.5099726547607253
0.5099726547607253
0.509999485415222
0.5100160835206511
0.5102243000599431
0.5102243000599431
0.5103189688577088
0.5103519289274638
0.5103519289274638
0.5108463264350362
0.5108463264350362
0.5109985902637562
0.5111196441234857
0.5111196441234857
0.5111741409703331
0.5112204393938217
0.5112653742205753
0.5114101997461963
0.5115201337352882
0.5115201337352882
0.5115562043377804
0.5116481171215509
0.5116481171215509
0.5116570247303229
0.5116570247303229
0.5116570247303229
0.5116570247303229
0.5116703268237002
0.5119785144987729
0.5120992192539894
0.5122038092324015
0.5122101792787107
0.5124675778549781
0.5124774406608337
0.5124774406608337
0.5125060708060766
0.5125170301529128
0.5128423946677296
0.5128799777707616
0.5128799777707616
0.5128948232596633
0.5128948232596633
0.5129686072874096
0.513005286866747
0.5130270697699988
0.513361382856037
0.5134095847161236
0.5134095847161236
0.5134095847161236
0.5135852669258917
0.5136967017983461
0.5137889959790634
0.5138042864187685
0.5138042864187685
0.5141507937910542
0.5142601698827189
0.5143386561482577
0.5144539451888057
0.5145879397641109
0.5145879397641109
0.5145879397641109
0.5147214214720359
0.5147214214720359
0.514767894637967
0.514767894637967
0.5147703050438324
0.5148479669758534
0.5148479669758534
0.5149904003758908
0.5149904003758908
0.5152635120917932
0.5156861851365451
0.5157868963658025
0.5158380422350718
0.5158380422350718
0.5159168862427147
0.5159412079362645
0.5160836226532544
0.5161549117857542
0.5161549117857542
0.5162521864746767
0.5162521864746767
0.5163531585687384
0.5163531585687384
0.5168565703297865
0.5168565703297865
0.516866908688496
0.516866908688496
0.5169839159508297
0.5171869880105505
0.5171869880105505
0.5172151138802593
0.5172814722137709
0.5172814722137709
0.5174929537627617
0.5179347881049319
0.5179451149582192
0.5179451149582192
0.517976659367233
0.5181393162086572
0.5181393162086572
0.5181460576228005
0.5184315498946009
0.5184315498946009
0.5185390861687404
0.5185390861687404
0.5186034496897866
0.5187540794165248
0.5187540794165248
0.5187790387767266
0.5190832359971981
0.5190832359971981
0.5190832359971981
0.5191498365908986
0.5192827774276181
0.5197808018332303
0.5199048268125199
0.5199048268125199
0.5199992189658905
0.5200800883631098
0.5201699765235646
0.5201699765235646
0.5205138517421501
0.5205486375060893
0.5205558926665667
0.5205794937137685
0.5207059601159467
0.5207059601159467
0.5207059601159467
0.5209825784453639
0.5211034968307533
0.5213492267873406
0.5214144946936478
0.5219779237191584
0.5219871327718507
0.522299897327924
0.522299897327924
0.5226129308100307
0.5226947916171043
0.5232494929237174
0.523865777295772
0.523865777295772
0.5238922064666774
0.5239547379819285
0.5240538883244954
0.5244734102152623
0.5245626842414047
0.5245626842414047
0.5248956828603517
0.5248956828603517
0.5248956828603517
0.5250071665883074
0.5250373389427822
0.5250660735627951
0.5250680849417396
0.5251107280434808
0.5251267360277544
0.5251267360277544
0.5254300151203938
0.5259395395449813
0.5262572800327028
0.5262650241650967
0.5262650241650967
0.5263840334768735
0.5265875711931083
0.5267256976380117
0.5267256976380117
0.5269358337025114
0.5269358337025114
0.5269358337025114
0.5270803381456556
0.527124157509181
0.5271610444048485
0.5271681036925795
0.5275411582559948
0.5277861898617922
0.5278430006720176
0.5278430006720176
0.5278796817090232
0.527960612649113
0.5281138147141011
0.5282427419468314
0.5282427419468314
0.5282830622249028
0.5282830622249028
0.5286204829683241
0.5286213782276324
0.5289856478225724
0.5290163027698108
0.5291135893532266
0.5291280331815887
0.5292670404742343
0.5292670404742343
0.5299186366056075
0.5300442907340264
0.5304349088650884
0.5305895417038748
0.5307458118829624
0.5309167603182361
0.5310168969699112
0.5315023750754727
0.5320412360608007
0.5320412360608007
0.532129149217596
0.532129149217596
0.5324301185137994
0.5324787187871761
0.5326016797299804
0.5326016797299804
0.5326612423903576
0.5326612423903576
0.5327600877111444
0.5327954402700581
0.5328288966834123
0.5328592802155275
0.5330476348088637
0.5330476348088637
0.5334131802192953
0.5335379798263732
0.5337691853680478
0.5344194869392704
0.5344528051564821
0.5346074794489234
0.534849975213227
0.5348841945910292
0.5354350657035679
0.5354735695710763
0.5356729263986661
0.5360259310311558
0.5363230032427657
0.5364541198038422
0.5364963699453349
0.5366176985530531
0.5366176985530531
0.5366176985530531
0.5367039129430657
0.5372140463733446
0.5374424283021528
0.5374424283021528
0.538477834995118
0.5392667922993415
0.5392667922993415
0.539291926241558
0.5400866484930213
0.5408637037961558
0.540867479803585
0.540867479803585
0.5414738276343938
0.5415793978197675
0.5418597072661648
0.5418597072661648
0.5419648121757455
0.5419648121757455
0.542607054594802
0.542607054594802
0.5429950668029214
0.5429950668029214
0.5430980058014234
0.5430980058014234
0.5433242765500966
0.5434858906207524
0.5434858906207524
0.5449436154750311
0.5451496788873702
0.5453522615795133
0.5470327685821915
0.5470327685821915
0.5470327685821915
0.548563014498304
0.548563014498304
0.5489078937992513
0.549187338404842
0.549187338404842
0.549187338404842
0.549681456886419
0.5497237738237937
0.5501513235803224
0.5507652911006959
0.551490358186132
0.5517548696339034
0.5517548696339034
0.5519794691878208
0.5551858163845955
0.5558823739702732
0.5562465023742605
0.5608240529921611
0.5632597416748739
0.5632597416748739
0.5632597416748739
0.5683309154974153
0.5699300299814019
0.5707916882384734
0.5711296476236185
0.5800112969845495
0.5800112969845495
0.6103406702911358
0.6135295268645952
0.6135295268645952
